tree
version=v4
num_class=1
num_tree_per_iteration=1
label_index=0
max_feature_idx=73
objective=regression
feature_names=tn_lag_1 tn_lag_2 tn_lag_3 tn_lag_4 tn_lag_5 tn_lag_6 tn_lag_7 tn_lag_8 tn_lag_9 tn_lag_10 tn_lag_11 tn_lag_12 tn_lag_13 tn_lag_14 tn_lag_15 tn_lag_16 tn_lag_17 tn_lag_18 tn_lag_19 tn_lag_20 tn_lag_21 tn_lag_22 tn_lag_23 tn_lag_24 tn_lag_25 tn_lag_26 tn_lag_27 tn_lag_28 tn_lag_29 tn_lag_30 tn_lag_31 tn_lag_32 tn_lag_33 tn_lag_34 tn_lag_35 tn_delta_lag_1 tn_delta_lag_2 tn_delta_lag_3 tn_delta_lag_4 tn_delta_lag_5 tn_delta_lag_6 tn_delta_lag_7 tn_delta_lag_8 tn_delta_lag_9 tn_delta_lag_10 tn_delta_lag_11 tn_delta_lag_12 tn_delta_lag_13 tn_delta_lag_14 tn_delta_lag_15 tn_delta_lag_16 tn_delta_lag_17 tn_delta_lag_18 tn_delta_lag_19 tn_delta_lag_20 tn_delta_lag_21 tn_delta_lag_22 tn_delta_lag_23 tn_delta_lag_24 tn_delta_lag_25 tn_delta_lag_26 tn_delta_lag_27 tn_delta_lag_28 tn_delta_lag_29 tn_delta_lag_30 tn_delta_lag_31 tn_delta_lag_32 tn_delta_lag_33 tn_delta_lag_34 año mes dias_mes quarter autogluon_pred
feature_infos=[0.027659999999999997:1423.5773900000002] [0.039660000000000001:1979.5363500000001] [0.031660000000000001:1660.0056099999999] [0.028400000000000002:1261.34529] [0.02274:1678.9931799999999] [0.00088999999999999995:1109.93769] [0.14706999999999998:1629.78233] [0.014800000000000001:1647.6384799999998] [0.0054599999999999996:1470.65653] [0.037859999999999998:1259.0936300000001] [0.01115:1275.77351] [0.017829999999999999:1486.68669] [0.014919999999999999:1813.01511] [0.0026800000000000001:2295.19832] [0.01201:1438.67455] [0.049139999999999996:1800.9616799999999] [0.029870000000000001:1470.4100899999999] [0.08301:1150.79169] [0.011469999999999999:1293.89788] [0.021839999999999998:1251.2846199999999] [0.0087399999999999995:1856.8353400000001] [0.0062100000000000002:1043.7646999999999] [0.042799999999999998:1169.0753199999999] [0.034470000000000001:1049.3886] [0.00415:1580.4740099999999] [0.08208:1958.59845] [0.10678:1465.83347] [0.032489999999999998:1267.39462] [0.11069:1030.67391] [0.0021800000000000001:1520.06539] [0.11903:1502.2013200000001] [0.0087399999999999995:1069.9612999999999] [0.00347:1303.35771] [0.0065499999999999994:798.01620000000003] [0.015270000000000001:1063.4583500000001] [-555.95895999999993:236.72375999999997] [-187.43634000000003:889.34864000000016] [-38.999670000000002:398.66031999999996] [-417.64788999999996:85.537340000000015] [-158.33126999999999:569.05548999999996] [-519.84464000000003:191.8338] [-307.79037000000005:272.26417000000004] [-178.21439000000001:333.04142000000002] [-120.28647000000001:211.5628999999999] [-223.77401999999984:147.82560000000001] [-210.91318000000001:257.33292999999992] [-757.35610000000008:77.749050000000011] [-482.18320999999992:388.32035999999994] [-139.19255999999996:856.52377000000001] [-362.28712999999993:132.07959] [-109.18907999999999:372.54846999999995] [-141.04818:319.61839999999984] [-397.13600999999994:294.29840000000002] [-154.63220999999999:140.69361000000004] [-605.55072000000018:122.58764000000002] [-308.62665000000004:821.68618000000015] [-272.80079999999998:386.17559000000006] [-374.39066000000003:164.21182999999996] [-531.08540999999991:282.77298999999999] [-532.36127999999985:156.16692] [-372.75468999999998:492.76497999999992] [-182.14183000000003:601.61419000000001] [-225.68241:472.64862000000005] [-489.39148:171.8262] [-305.98149000000001:272.41476999999998] [-192.64852000000002:432.24002000000019] [-391.33956999999998:195.05743999999999] [-123.68583000000001:505.34150999999997] [-311.34315000000015:173.95858999999996] none none none none [0.047282530745039103:1310.4717552011205]
tree_sizes=1706 3008 3258 3261 3270 3213 3269 3177 3269 3556 3491 3496 3628 3621 3615 3637 3131 3429 3472 3428 3782 3778 4154 4058 4185 3309 4032 3246 3850 4137 3228 3234 3535 3954 3663 3850 3834 3929 4342 3592 4751 3990 4031 4341 4899 3334 3357 3595 3980 3801 4344 2703 2698 3007 3477

Tree=0
num_leaves=14
num_cat=0
split_feature=2 73 17 4 1 0 55 56 33 1 1 73 9
split_gain=3.35404e+06 484396 92785 76882 9695.82 5780.46 3349.92 2957.33 3328.94 1951.45 576.255 409.775 11.1308
threshold=355.45284000000004 100.51834357546291 240.27931000000004 34.725625000000008 11.260875 56.559540000000005 94.708715000000026 2.5587499999999985 69.612330000000014 31.037575000000004 3.8161150000000004 18.732473463117678 6.8529550000000006
decision_type=2 2 2 2 2 2 2 2 2 2 2 2 2
left_child=1 3 6 4 10 -5 -3 8 -7 11 -1 -6 -12
right_child=-2 2 -4 5 9 7 -8 -9 -10 -11 12 -13 -14
leaf_value=42.685231287473286 67.073140136301078 47.037910346023395 51.049396350171051 43.998930996273572 43.108779151256584 44.662313144020665 46.074390601618603 44.444603141902512 45.672237877611579 43.654223590357837 42.795410049268462 43.344650038095416 42.92262377167679
leaf_weight=110 9.9999999999999982 17.000000000000004 10.999999999999998 17 55 10.000000000000002 9.9999999999999982 13.999999999999998 10.999999999999998 17 34 20 33
leaf_count=110 10 17 11 17 55 10 10 14 11 17 34 20 33
internal_value=44.4112 43.7006 47.9652 43.1948 42.9227 44.6024 46.6887 44.8959 45.195 43.2586 42.7488 43.1701 42.8557
internal_weight=0 359 38 321 269 52 27 35 21 92 177 75 67
internal_count=369 359 38 321 269 52 27 35 21 92 177 75 67
is_linear=1
leaf_const=42.685231287473286 67.073140136301078 47.037910346023395 51.049396350171051 43.998930996273572 43.108779151256584 44.662313144020665 46.074390601618603 44.444603141902512 45.672237877611579 43.654223590357837 42.795410049268462 43.344650038095416 42.92262377167679
num_features=0 0 0 0 0 0 0 0 0 0 0 0 0 0
leaf_features=              
leaf_coeff=              
shrinkage=1


Tree=1
num_leaves=16
num_cat=0
split_feature=73 73 17 73 73 73 0 55 50 43 73 12 36 42 23
split_gain=3.07425e+06 405280 91421.8 44426 11272.5 5956.12 5114.3 3643.84 1157.63 975.271 555.457 501.872 153.778 109.053 36.5778
threshold=317.95110269569813 74.17370810251218 240.27931000000004 27.239220518924096 104.28581852851867 11.52627443812033 58.802600000000005 70.797055000000015 2.8619149999999984 9.4101100000000049 19.831034681731104 6.2557550000000015 0.41708000000000006 -4.224664999999999 2.9923750000000005
decision_type=2 2 2 2 2 2 2 2 2 2 2 2 2 2 2
left_child=1 3 4 5 -3 11 9 -6 -8 -5 12 14 -7 -12 -1
right_child=-2 2 -4 6 7 10 8 -9 -10 -11 13 -13 -14 -15 -16
leaf_value=-1.6681496887545744 20.663852583051806 0.95688071730714419 6.061002668626239 -0.78866587554309375 2.8862319478902725 -1.3396466210076425 0.56553364069154943 1.8349760651391405 0.0033585785804910867 -0.3209843326720182 -1.0986122070916806 -1.4298940716799922 -1.1702956049123043 -0.86910865165091866 -1.5682036975571501
leaf_weight=90 10.999999999999998 15.999999999999998 9.9999999999999982 14.000000000000002 11.000000000000002 24 10.000000000000002 11.999999999999998 13.999999999999998 14.999999999999998 10.000000000000002 32 35 10.999999999999998 54
leaf_count=90 11 16 10 14 11 24 10 12 14 15 10 32 35 11 54
internal_value=0 -0.710693 2.66546 -1.24677 1.78144 -1.46493 -0.192162 2.34824 0.239139 -0.548833 -1.17501 -1.59596 -1.2414 -0.983274 -1.63181
internal_weight=0 358 49 309 39 256 53 23 24 29 80 176 59 21 144
internal_count=369 358 49 309 39 256 53 23 24 29 80 176 59 21 144
is_linear=1
leaf_const=-1.7052084695954912 -7.1824253472195609 3.2468996953343598 2.5926974980177335 -0.19853883062249228 -0.070377859982036189 -1.5073813759626957 -1.298843936337162 2.20166581787571 -0.38478607584654079 -0.86579608234055072 -2.119761113256482 -1.5208784731935796 -1.5075927394438988 -0.025119152304396271 -1.6445032114438529
num_features=3 1 2 2 3 3 2 3 3 3 3 2 2 2 2 3
leaf_features=12 23 73  73  17 73  17 73  0 43 73  17 55 73  36 73  0 50 73  17 55 73  0 50 73  0 43 73  42 73  12 73  36 73  42 73  12 23 73  
leaf_coeff=0.018898125130810687 0.0065509069110484585 0.0031009029922201142  0.048644597113021201  -0.0056021837766872208 -0.018701777207243569  -0.0027504999100615908 0.019079753197383698  -0.0028495283061202776 -0.0058649827452469704 -0.014971166927242411  -0.0053421096837106925 -0.0068679014374309604 0.029292228837068002  -0.0036361567548073032 0.0091983113118249103  0.0050777846299683215 0.0048965976576135668 0.026219702392952519  -0.0022138284034774894 -0.0061471440904500999 0.0050322674845759974  -0.00085525881379233117 -0.0070463890015728297 0.010617950267145338  -0.015719066728194026 -0.0038202022086797557 0.030503926043637077  0.0097847803118515497 0.048414917237765857  -0.0040257468195954976 0.014386912261060163  0.0057474201137991095 0.019629177433608338  -0.0053305446951678812 -0.038167637390854457  0.0072857901271521554 -0.0052927484885599407 0.018112773643737801  
shrinkage=0.04


Tree=2
num_leaves=14
num_cat=0
split_feature=2 73 17 4 1 0 55 56 33 1 0 73 9
split_gain=2.85585e+06 411150 78129.6 65228.4 8256.72 4922.55 2874.41 2681.87 2917.76 1673.4 489.182 341.336 25.2759
threshold=355.45284000000004 100.51834357546291 240.27931000000004 34.725625000000008 11.260875 56.559540000000005 94.708715000000026 2.5587499999999985 69.612330000000014 31.037575000000004 3.2758000000000007 18.732473463117678 6.6528900000000011
decision_type=2 2 2 2 2 2 2 2 2 2 2 2 2
left_child=1 3 6 4 10 -5 -3 8 -7 11 -1 -6 -12
right_child=-2 2 -4 5 9 7 -8 -9 -10 -11 12 -13 -14
leaf_value=-1.5946364813458911 20.911677560334159 2.4256447248849256 6.103894559843047 -0.38163913347567735 -1.1999903382233832 0.23221240879285451 1.5332977649953108 0.016429706397631496 1.1777029549538554 -0.69563421595166308 -1.4940660635880603 -0.98417579005606748 -1.374126611525013
leaf_weight=105 9.9999999999999982 17.000000000000004 10.999999999999998 17 55 10.000000000000002 9.9999999999999982 13.999999999999998 10.999999999999998 17 38 20 34
leaf_count=105 10 17 11 17 55 10 10 14 11 17 38 20 34
internal_value=0 -0.655342 3.27365 -1.12134 -1.37196 0.175192 2.10217 0.446083 0.730893 -1.06194 -1.53239 -1.14388 -1.43947
internal_weight=0 359 38 321 269 52 27 35 21 92 177 75 72
internal_count=369 359 38 321 269 52 27 35 21 92 177 75 72
is_linear=1
leaf_const=-1.6315592200672224 -3.8772209019238297 -1.4874680669042939 4.7046863483822028 -0.10155132457426364 -1.5465194084411682 0.73937867169297999 1.6850102640365916 0.97426208037104867 -1.8491639700714226 -1.0737542127696909 -1.5738329784070633 -1.2590527716095861 -1.4869784797206378
num_features=5 1 4 3 4 4 6 4 5 6 4 6 4 6
leaf_features=0 1 2 4 73  2  2 17 55 73  2 17 73  0 2 4 73  1 2 4 73  0 2 4 33 56 73  2 17 55 73  0 2 4 56 73  0 2 4 33 56 73  1 2 4 73  0 1 2 4 9 73  1 2 4 73  0 1 2 4 9 73  
leaf_coeff=0.015323211102607391 0.0041913750304846797 0.0010306547924663792 -0.0036485909410347269 0.0095958314430754071  0.035555011367679412  -0.0018276888482187386 -0.00090981163129065143 0.00075864275917627579 0.033422889984752263  0.035184721936497486 -0.020042333741704506 -0.00078494494825699602  -0.0022492842140580385 0.0073202595062139613 -0.031357872497698308 0.02632888718811421  -0.001077557912225018 -0.0079649278370344245 0.0038312924105577302 0.030363147453034294  -0.0038244643864045699 -0.035112294703293585 -0.011860933291557222 0.020000423225370417 0.02376248129956935 0.049770288528193311  -0.0011372515782547058 -0.0041196804155725179 -0.005236153733957939 0.010051712082898094  0.011522433502336418 -0.0011763959546415767 -0.0017668972810892909 0.01273387562112697 -0.027627482239730591  -0.01405797759311956 0.0047571957031085086 0.0066279304768173839 -0.0081534723662535693 -0.00024770835561355403 0.051186113006540815  0.006022580599049975 0.0053086778541291593 -0.0011443280205232045 -0.002117940142997599  -0.0071627802469797089 -0.0019601447830731727 -0.0093072555855812332 -0.0044263615559555726 0.00052205894418762006 0.040021369625198991  0.0084227614459081238 0.0037611040879658481 0.0062318211814589132 -0.0080206311499338781  0.00878609608891779 0.001981005398981211 0.0055421051526345633 -0.0026198033176999054 -0.0073173576562313531 0.006926873348353838  
shrinkage=0.04


Tree=3
num_leaves=14
num_cat=0
split_feature=2 73 17 4 1 0 55 56 5 1 0 73 9
split_gain=2.63195e+06 378915 72003.3 60114.4 7609.16 4536.49 2648.7 2471.55 2566.45 1542.06 450.542 314.375 23.02
threshold=355.45284000000004 100.51834357546291 240.27931000000004 34.725625000000008 11.260875 56.559540000000005 94.708715000000026 2.5587499999999985 68.673150000000007 31.037575000000004 3.2758000000000007 18.732473463117678 6.6528900000000011
decision_type=2 2 2 2 2 2 2 2 2 2 2 2 2
left_child=1 3 6 4 10 -5 -3 8 -7 11 -1 -6 -12
right_child=-2 2 -4 5 9 7 -8 -9 -10 -11 12 -13 -14
leaf_value=-1.5308494975836819 20.07519461150217 2.3286095722934652 5.8597243795309 -0.36636421992764839 -1.1519878230986278 0.27555551322730815 1.4719500188544248 0.015761173853637483 1.1625889141724843 -0.66779949879785727 -1.4342992210888803 -0.94480081700566998 -1.3191568463009478
leaf_weight=105 9.9999999999999982 17.000000000000004 10.999999999999998 17 55 11.000000000000002 9.9999999999999982 13.999999999999998 9.9999999999999982 17 38 20 34
leaf_count=105 10 17 11 17 55 11 10 14 10 17 38 20 34
internal_value=0 -0.629127 3.1427 -1.07649 -1.31708 0.168181 2.01808 0.428235 0.70165 -1.01946 -1.47109 -1.09812 -1.38189
internal_weight=0 359 38 321 269 52 27 35 21 92 177 75 72
internal_count=369 359 38 321 269 52 27 35 21 92 177 75 72
is_linear=1
leaf_const=-1.5662968511785014 -3.7221321097048903 -1.4279692522920779 4.5164987340623712 -0.097489286690472479 -1.4846586114457117 0.93812450013362891 1.6176097915523955 0.93529158271397606 -2.1774454202059501 -1.0308040507946181 -1.5108796458997269 -1.2086906811799603 -1.4274993247994101
num_features=5 1 4 3 4 4 6 4 5 6 4 6 4 6
leaf_features=0 1 2 4 73  2  2 17 55 73  2 17 73  0 2 4 73  1 2 4 73  0 2 4 5 56 73  2 17 55 73  0 2 4 56 73  0 2 4 5 56 73  1 2 4 73  0 1 2 4 9 73  1 2 4 73  0 1 2 4 9 73  
leaf_coeff=0.014710296066037645 0.0040237338438267054 0.00098939895852808509 -0.0035026467991154681 0.0092120036921092933  0.03413281096840632  -0.0017545815224279874 -0.00087341886241322454 0.00072829743118906453 0.032085973481853367  0.033777332283083425 -0.019240639262018591 -0.00075354727599018527  -0.0021593135588876861 0.0070274488671513346 -0.030103557246061823 0.025275732273230295  -0.0010344542060579446 -0.0076463312472505171 0.0036780402324977329 0.029148619278770133  0.00071974024122467572 -0.020305664176999833 -0.0066105980463886547 -0.0065307932284684091 0.014313583337149771 0.027144209811841857  -0.0010917611658022965 -0.0039548927268256056 -0.0050267074765243799 0.0096496430318478606  0.011061536955805891 -0.0011293403313952064 -0.001696220859478548 0.012224520531009501 -0.026522383868934154  -0.0099180816882540792 0.0075821956320051261 0.0058713061481937964 0.0013410607591568182 -0.00034606482883472019 0.038674694608607632  0.0057816759850286567 0.0050963318008341585 -0.0010985544107236936 -0.002033222404725961  -0.0068762639500513966 -0.0018817381233643985 -0.008934955119511586 -0.0042493021186379666 0.00050117828098336767 0.038420488234988857  0.0080858466348649946 0.0036106597030516247 0.0059825491894640957 -0.0076998018691998042  0.0084346497668862253 0.0019017600981447917 0.005320423044338299 -0.002515010653881405 -0.0070246634461056355 0.0066498015433821694  
shrinkage=0.04


Tree=4
num_leaves=16
num_cat=0
split_feature=2 73 17 73 1 73 19 68 73 15 73 1 55 73 9
split_gain=2.4256e+06 349208 66357.3 55107.9 6473.98 4675.36 2527.93 2488.56 1466.26 1572.2 1149.44 414.631 168.539 68.2903 4.43038
threshold=355.45284000000004 100.51834357546291 240.27931000000004 33.199622307567019 11.260875 65.91741855347378 168.68931500000002 10.226850000000001 39.494509048345243 62.333160000000007 19.831034681731104 3.8161150000000004 2.8215700000000008 11.856611856113327 6.8529550000000006
decision_type=2 2 2 2 2 2 2 2 2 2 2 2 2 2 2
left_child=1 3 6 4 11 8 -3 -7 -5 -10 13 -1 -12 -6 -13
right_child=-2 2 -4 5 10 7 -8 -9 9 -11 12 14 -14 -15 -16
leaf_value=-1.4662551832762123 19.272170651879645 2.2653274664079177 5.6253209239512962 -0.51626376364841953 -1.2327957395043705 1.0483365376160876 1.4438188755619634 0.15579769691618364 0.34285987239238641 -0.31630085205172642 -0.63096062461928559 -1.3721026383117501 -0.85485068819416121 -1.0643413896424709 -1.2651831524897921
leaf_weight=110 9.9999999999999982 16.000000000000004 10.999999999999998 11.999999999999998 9.9999999999999982 10.000000000000002 10.999999999999998 9.9999999999999982 12.000000000000002 10.999999999999998 10.000000000000002 34 20 49 33
leaf_count=110 10 16 11 12 10 10 11 10 12 11 10 34 20 49 33
internal_value=0 -0.603962 3.01699 -1.03343 -1.27167 0.118922 1.93735 0.605261 -0.159804 0.0274314 -0.99077 -1.41225 -0.782698 -1.095 -1.32146
internal_weight=0 359 38 321 266 55 27 20 35 23 89 177 30 59 67
internal_count=369 359 38 321 266 55 27 20 35 23 89 177 30 59 67
is_linear=1
leaf_const=-1.5073519334311689 -3.5732460439539691 0.91331894940478398 4.3358388619461232 2.3472759713209603 -1.0537752487157197 -4.1659592005306338 -0.40109494042530069 1.4744013102204363 0.066363676924409004 -0.51060177671506846 -0.8496048112727751 -1.4145311843343873 -1.4596632326849115 -1.3393391557336967 -1.3780052470636113
num_features=3 1 4 3 2 3 3 4 3 3 3 4 4 4 3 4
leaf_features=1 2 73  2  2 17 19 73  2 17 73  2 73  1 2 73  2 68 73  2 17 19 73  2 68 73  2 15 73  2 15 73  1 2 55 73  1 2 9 73  1 2 55 73  1 2 73  1 2 9 73  
leaf_coeff=0.015632252263484789 0.0065086505612943326 0.0026763750577289262  0.032767496939155483  -0.0021537868441489044 -0.0052339257163808396 0.0047122353253653427 0.013502249592762897  0.032426237706566947 -0.018471012911348148 -0.00072340577877237698  0.0088301109602826975 -0.090468470387181713  -0.027300815556715183 -0.0073175282208144676 0.02694021602760302  0.0061898602054624528 -0.0046666252276719444 0.061116754787012735  0.0038769931751427762 0.0010167478220407225 0.0021123774452041391 0.0047838015631342145  -0.01753337685697957 -0.0085483145642397309 0.0038951550183940593  0.001346307915747831 -0.0089632507921411277 0.01107335394629555  0.0048795779960210941 -0.018244154641713483 0.026223551839087277  0.014668880485741298 -0.001358740417170168 -0.0072633810368485296 -0.012414524785160952  -0.0098583022920661293 -0.010112614031868781 -0.00033571243142148437 0.031542637092301082  -0.0034101149504965462 -0.0019381614620575264 0.0011738866570130749 0.030157422320035043  0.0055115317751424182 -0.0079253707659758654 0.019543042323196577  0.0080346966930267185 0.0063903677206717914 -0.010539903160106407 0.0093338068109650885  
shrinkage=0.04


Tree=5
num_leaves=15
num_cat=0
split_feature=10 73 73 1 73 1 3 63 66 38 0 73 30 73
split_gain=2.51291e+06 312231 70106.6 27502 10426.1 4051.49 3610.73 2856.57 1114.64 393.888 318.363 310.911 45.285 24.0294
threshold=343.79259000000008 74.17370810251218 176.21159059414302 31.037575000000004 104.28581852851867 11.260875 37.252075000000005 -31.280179999999998 -9.1857049999999969 -5.785549999999998 3.2758000000000007 18.732473463117678 32.719400000000007 11.856611856113327
decision_type=2 2 2 2 2 2 2 2 2 2 2 2 2 2
left_child=1 3 4 5 -3 10 9 -6 -8 -5 -1 13 -13 -7
right_child=-2 2 -4 6 7 11 8 -9 -10 -11 -12 12 -14 -15
leaf_value=-1.4076627591993514 19.667498954546339 0.83597312527801371 5.252206263778235 -0.42689100775099892 2.4730460806772223 -1.1695930873757543 0.22572842761787054 1.5739732841972829 -0.25465626393649604 -0.72404591133581353 -1.2764968037236428 -0.9323370869954426 -0.77031181033295004 -1.0312157375641864
leaf_weight=96 9.9999999999999982 19 9.9999999999999982 13.000000000000002 13.999999999999998 9.9999999999999982 17.000000000000004 11.000000000000002 13.999999999999998 18 71 14.000000000000002 9.9999999999999982 46
leaf_count=96 10 19 10 13 14 10 17 11 14 18 71 14 10 46
internal_value=0 -0.560171 2.24339 -1.05069 1.54912 -1.23971 -0.296815 2.08546 0.00853064 -0.601335 -1.35272 -1.00237 -0.868469 -1.05804
internal_weight=0 363 54 309 44 247 62 25 31 31 167 80 24 56
internal_count=373 363 54 309 44 247 62 25 31 31 167 80 24 56
is_linear=1
leaf_const=-1.4435676707040515 -3.7161806642145536 3.1555418229252705 4.3007436015974605 -0.8575371648106922 -2.6987259841177917 -1.2841819373329966 -1.0348206274632277 2.6442291821840085 -0.54994183642710714 -0.77545443878547315 -1.4082506849950531 -0.42444698083018018 -0.099750148990424364 -1.0342681849820203
num_features=4 1 2 2 5 3 3 5 3 5 5 4 4 4 3
leaf_features=0 1 10 73  10  10 73  10 73  1 3 10 38 73  10 63 73  1 10 73  1 3 10 66 73  10 63 73  1 3 10 66 73  1 3 10 38 73  0 1 10 73  1 10 30 73  1 10 30 73  1 10 73  
leaf_coeff=0.011015321440251571 0.0033552608787121149 0.011492515663137885 -0.0031807363663584462  0.034588153150971059  0.010671800813619533 -0.034685677051887333  -0.010671624130108913 0.013930509518530807  0.01838638585834006 -0.0085116706787598442 -0.006588164533610971 0.010186071160458604 0.0086463830113213992  -0.016535134629043786 0.0047046460812425169 0.058278169345973949  -0.014263779734233142 -0.0020080026863668371 0.032183451270047958  0.0050064677703066584 -0.014156141410901626 -0.014270512770825843 0.00091306757164868037 0.042138304717496425  0.00040632613181553986 -0.0063481921403918812 -0.0083498591965281595  0.00054562857290164869 -0.0025624676398949414 -0.025158808111384112 0.0048451607611572998 0.030994067418132976  0.0018188387275237974 0.0067054990999832866 2.1521371269841442e-05 -0.0075042623574971415 -0.0066685238891022874  0.010949491455089133 0.0051825474710454969 0.0016955333893170458 0.001068030170595016  -0.0057075002721670397 -0.0075904363175480251 -0.0042812672121209528 -0.0039076539923587469  -0.016875906449029546 0.010421547509541542 -0.01973093594443498 0.010575591181986968  -0.00232193259432016 -0.0065920496947009981 0.0093846662884442388  
shrinkage=0.04


Tree=6
num_leaves=15
num_cat=0
split_feature=10 73 73 1 73 1 3 63 66 38 0 73 41 13
split_gain=2.3159e+06 287752 64609.4 25345.8 9608.43 3733.64 3327.59 2632.24 1027.16 365.124 293.147 286.358 78.7915 43.8189
threshold=343.79259000000008 74.17370810251218 176.21159059414302 31.037575000000004 104.28581852851867 11.260875 37.252075000000005 -31.280179999999998 -9.1857049999999969 -3.4270399999999999 3.2758000000000007 18.732473463117678 4.0164499999999999 21.405220000000003
decision_type=2 2 2 2 2 2 2 2 2 2 2 2 2 2
left_child=1 3 4 5 -3 10 9 -6 -8 -5 -1 12 -7 -13
right_child=-2 2 -4 6 7 11 8 -9 -10 -11 -12 13 -14 -15
leaf_value=-1.3513545812950178 18.880783135442453 0.8025258376835529 5.0421021051690147 -0.4295003661098859 2.3741128756475791 -1.0496490181128555 0.21668993163527103 1.5109999661832239 -0.2444586702103311 -0.7120389651659853 -1.2254346846997659 -0.90777901389382087 -0.89600498810979268 -0.75244727773114695
leaf_weight=96 9.9999999999999982 19 9.9999999999999982 15.000000000000002 13.999999999999998 43 17.000000000000004 11.000000000000002 13.999999999999998 15.999999999999998 71 12.000000000000002 12.999999999999998 11.999999999999998
leaf_count=96 10 19 10 15 14 43 17 11 14 16 71 12 13 12
internal_value=0 -0.537764 2.15365 -1.00867 1.48715 -1.19012 -0.28494 2.00204 0.00818426 -0.577276 -1.29861 -0.962276 -1.01571 -0.833724
internal_weight=0 363 54 309 44 247 62 25 31 31 167 80 56 24
internal_count=373 363 54 309 44 247 62 25 31 31 167 80 56 24
is_linear=1
leaf_const=-1.3858249620508238 -3.5675324628342246 3.0293201013442381 4.1287136689992989 -1.0133033539386704 -2.5907768855345972 -1.2647068104892836 -0.99342779419924476 2.5384600031389897 -0.52794420193949021 -0.65153761577307723 -1.3519206384728992 -0.70410689870335785 -1.1394780894755969 -1.2832484925044267
num_features=4 1 2 2 5 3 4 5 3 5 5 4 4 4 4
leaf_features=0 1 10 73  10  10 73  10 73  1 3 10 38 73  10 63 73  1 10 41 73  1 3 10 66 73  10 63 73  1 3 10 66 73  1 3 10 38 73  0 1 10 73  1 10 13 73  1 10 41 73  1 10 13 73  
leaf_coeff=0.010574711184851824 0.003221047388580099 0.01103281311751193 -0.0030535039121541989  0.033204625566434047  0.010244929239875262 -0.033298249663926791  -0.01024475755110963 0.013373288076790292  0.017580287025842616 0.0012589943204759637 -0.0020961634747621899 0.0020292280472813486 -0.0021699117148134667  -0.015873727163280053 0.0045164601822126407 0.055947039946913163  -0.0070360662597248351 -0.0012278921257274525 0.0013311019142791738 0.02520449434399382  0.0048062089418885951 -0.013589895406268709 -0.013699691847386888 0.00087654481696422439 0.040452771766314718  0.00039007299554523207 -0.0060942649607645828 -0.0080158644217983993  0.0005238037654015582 -0.0024599691453719734 -0.024152456960485905 0.0046513543448730944 0.029754306260355044  0.0037179272121575487 0.004359225771721641 0.0024073332455394518 0.0073491944239924591 -0.013960157339937392  0.010511514473609937 0.004975242907687233 0.0016277104330565087 0.0010253075402290258  0.029137291161808895 -0.01690612371701768 0.023652969668985412 -0.03940254920241501  -0.019372911301800362 -0.017948664637298467 -0.0045246422707680986 0.059535792984808052  -0.0015771953086601801 0.01298773324410128 -0.0066991064819232104 0.021574733943097047  
shrinkage=0.04


Tree=7
num_leaves=15
num_cat=0
split_feature=10 73 73 1 73 1 73 63 32 34 0 73 41 30
split_gain=2.13433e+06 265192 59543.2 23358.6 8854.88 3440.72 2914.93 2425.51 1147.08 330.655 269.919 263.737 72.4357 40.9735
threshold=343.79259000000008 74.17370810251218 176.21159059414302 31.037575000000004 104.28581852851867 11.260875 39.494509048345243 -31.280179999999998 87.784515000000013 44.234230000000004 3.2758000000000007 18.732473463117678 4.0164499999999999 32.719400000000007
decision_type=2 2 2 2 2 2 2 2 2 2 2 2 2 2
left_child=1 3 4 5 -3 10 9 -6 -8 -5 -1 12 -7 -13
right_child=-2 2 -4 6 7 11 8 -9 -10 -11 -12 13 -14 -15
leaf_value=-1.2972987411768955 18.125535894714961 0.77041642233963414 4.8404021854211807 -0.4586161000547353 2.2791370429722133 -1.0076593477820026 -0.23021846849256791 1.4505455271402994 0.23627793013654802 -0.74874693518286384 -1.1764150436551597 -0.86027907892321853 -0.86015256750674651 -0.70840926746330657
leaf_weight=96 9.9999999999999982 19 9.9999999999999982 17.000000000000004 13.999999999999998 43 19 11.000000000000002 14.999999999999998 10.999999999999998 71 14.000000000000002 12.999999999999998 9.9999999999999982
leaf_count=96 10 19 10 17 14 43 19 11 15 11 71 14 13 10
internal_value=0 -0.516253 2.0675 -0.968319 1.42766 -1.14252 -0.273539 1.92195 -0.0242046 -0.574997 -1.24666 -0.923783 -0.975082 -0.800368
internal_weight=0 363 54 309 44 247 62 25 34 28 167 80 56 24
internal_count=373 363 54 309 44 247 62 25 34 28 167 80 56 24
is_linear=1
leaf_const=-1.3303919707123182 -3.4248309498208624 2.9081473030098373 3.9635655991653227 -1.1588041858957379 -2.4871459297283223 -1.2141185469686255 0.46811274211601595 2.4369214619955168 -1.6077719905980987 -1.1497647337130095 -1.2978438109292099 -0.39067821930624641 -1.0938987446208741 -0.069127468590322691
num_features=4 1 2 2 4 3 4 4 3 4 4 4 4 4 4
leaf_features=0 1 10 73  10  10 73  10 73  1 10 34 73  10 63 73  1 10 41 73  1 10 32 73  10 63 73  1 10 32 73  1 10 34 73  0 1 10 73  1 10 30 73  1 10 41 73  1 10 30 73  
leaf_coeff=0.010151730539306245 0.0030922072129965636 0.010591489297830511 -0.0029313605512108869  0.031876440119927137  0.0098351316492030459 -0.031966319435348403  -0.0098349706109792136 0.012838357930210551  0.0065414918799984898 -0.006399022385069798 -0.0019300794348366961 0.021614777776958083  -0.01523877871210708 0.0043358029282863217 0.053709160808562625  -0.0067546236401259934 -0.0011787767502451144 0.0012778579349979327 0.024196315368480163  0.00034150381907906987 -0.022950321445456157 0.0045580550797167108 0.0026042300119114617  0.00037447001668219578 -0.0058504940273421159 -0.0076952289152059468  0.0099497677665222484 -0.010953290323068823 0.00017833741098951974 0.027408466162069132  -0.003579037655036324 0.0027987120718869821 -0.0015087667407457153 0.015927698692296988  0.010091050265273014 0.0047762380907741438 0.0015626016446560879 0.0009842944680461675  -0.0049472507178683154 -0.0068940042070532804 -0.0042158622445708721 -0.0037843012540997741  -0.018597992018040306 -0.017230715214944046 -0.0043436552994613473 0.057154340127067382  -0.015890959186329216 0.0097375142855250386 -0.018642170949790971 0.0098039851579804372  
shrinkage=0.04


Tree=8
num_leaves=15
num_cat=0
split_feature=10 73 73 1 73 9 1 3 39 65 0 73 41 28
split_gain=1.96699e+06 244400 54874.2 21527.2 8213.15 4481.78 3170.77 2835.93 944.39 254.282 248.522 242.897 66.5853 4.45911
threshold=343.79259000000008 74.17370810251218 176.21159059414302 31.037575000000004 115.45715715138813 119.68046000000002 11.260875 37.252075000000005 -3.7583949999999988 5.9843400000000102 3.2758000000000007 18.732473463117678 4.0164499999999999 20.059540000000002
decision_type=2 2 2 2 2 2 2 2 2 2 2 2 2 2
left_child=1 3 4 6 5 -3 10 9 -9 -5 -1 12 -8 -13
right_child=-2 2 -4 7 -6 -7 11 8 -10 -11 -12 13 -14 -15
leaf_value=-1.2454051222786326 17.400498850605278 1.3233236790334941 4.6467702672977271 -0.62508901905639003 1.9971222451095183 0.22832330911466395 -0.96734925413906192 -0.26838643103406945 0.18325663391832286 -0.38154510277361925 -1.1293561891966233 -0.8111860840709495 -0.82573425176489457 -0.70053762454797752
leaf_weight=96 9.9999999999999982 15.000000000000002 9.9999999999999982 19.000000000000004 19 9.9999999999999982 43 12.000000000000002 19 11.999999999999998 71 14.000000000000002 12.999999999999998 9.9999999999999982
leaf_count=96 10 15 10 19 19 10 43 12 19 12 71 14 13 10
internal_value=0 -0.495602 1.9848 -0.929585 1.37055 0.888138 -1.09682 -0.262595 0.00799762 -0.532473 -1.1968 -0.886829 -0.936076 -0.768347
internal_weight=0 363 54 309 44 25 247 62 31 31 167 80 56 24
internal_count=373 363 54 309 44 25 247 62 31 31 167 80 56 24
is_linear=1
leaf_const=-1.2771762828318165 -3.2878388772147269 -0.19699931532519263 3.8050224475978403 -1.052843116474278 0.86270073627196342 11.4804540028637 -1.1655538141540502 -0.45440954779438253 -0.90946335881392559 -0.75306629423569138 -1.2459300443690622 -0.41983936787007231 -1.0501429828989606 -2.446544878909481
num_features=4 1 3 2 5 2 3 4 5 5 5 4 4 4 4
leaf_features=0 1 10 73  10  9 10 73  10 73  1 3 10 65 73  10 73  9 10 73  1 10 41 73  1 3 10 39 73  1 3 10 39 73  1 3 10 65 73  0 1 10 73  1 10 28 73  1 10 41 73  1 10 28 73  
leaf_coeff=0.0097456453939480537 0.0029685217749453948 0.010167847001556948 -0.0028141160706293537  0.030601384570085224  0.001553716374263914 -0.0021939864756780384 0.017537585663677684  -0.0094415695286187446 0.012324823539361315  0.0034131747635535001 0.012203190864372149 -0.0086314356687148229 0.00098324027360350294 0.007424913507535413  -0.0034374693176440025 0.01177755793884913  -0.081321977325084741 0.0066986779907021636 -0.011212738913835098  -0.006484440314225709 -0.0011316259765637774 0.0012267438251423537 0.023228466252640492  0.00049454982461561781 -0.0088415398508509772 -0.026306160537876662 0.011950851895304988 0.039686753595856682  0.0053422970580527841 -0.0044487321651594915 -0.015123757041780438 -0.00018307403209917976 0.031629894473439113  0.015283294245070861 7.4201422848183554e-05 -0.00078649973701856908 -0.0064386006508815909 -0.0035606836079523424  0.0096874092857052591 0.0045851851758605738 0.0015000986523047381 0.00094492230156730818  -0.011441646875160106 -0.0071045214781972647 -0.0084956438777842903 0.0073879102039640559  -0.017854073633515034 -0.016541489987694721 -0.0041699092655266418 0.054868183652340585  0.012220842488571011 0.011191624469539649 -0.00068875040577111703 0.054832533255967077  
shrinkage=0.04


Tree=9
num_leaves=15
num_cat=0
split_feature=10 7 4 22 14 1 36 12 68 6 1 0 4 26
split_gain=1.81278e+06 220640 38032.4 35823.8 5606.61 5102.7 4071.77 2031.79 1214.76 1055.17 858.564 228.812 158.608 150.726
threshold=343.79259000000008 108.57724500000002 40.539540000000009 212.63532500000002 119.20644000000001 11.260875 8.6423350000000028 67.347390000000004 19.841450000000005 45.721900000000012 31.037575000000004 3.2758000000000007 17.134365000000003 36.860410000000009
decision_type=2 2 2 2 2 2 2 2 2 2 2 2 2 2
left_child=1 2 5 4 -3 11 8 -8 9 -4 12 -1 -7 -12
right_child=-2 3 6 -5 -6 10 7 -9 -10 -11 13 -13 -14 -15
leaf_value=-1.1955872528361979 16.704462902711171 0.86094568611371636 -0.23193215129611727 4.4195388280283119 2.0443434598433412 -0.90853969409622581 0.19521181663664258 1.0025690943651864 -0.45946260742239065 0.30806590297005404 -0.4603210627343044 -1.0841796930798671 -0.77902670820664188 -0.67936879544644768
leaf_weight=96 9.9999999999999982 10.000000000000002 11.000000000000002 9.9999999999999982 19 44 10.000000000000002 9.9999999999999982 10.999999999999998 11.999999999999998 12.000000000000002 71 36 10.999999999999998
leaf_count=96 10 10 11 10 19 44 10 10 11 12 12 71 36 11
internal_value=0 -0.475778 -0.818102 2.36286 1.64077 -1.01185 0.15066 0.602069 -0.115744 0.0497468 -0.788675 -1.14892 -0.851354 -0.567744
internal_weight=0 363 324 39 29 270 54 20 34 23 103 167 80 23
internal_count=373 363 324 39 29 270 54 20 34 23 103 167 80 23
is_linear=1
leaf_const=-1.223565671439127 -3.1563243563970906 -0.1240229926627808 0.18531314205893981 -1.0352714092890529 2.2830962681268745 -0.98888285419936006 -1.2511706817544963 3.1850406037180172 1.2238491058700132 0.37345394607400756 -0.88765163807121794 -1.1964435095918773 -1.0609771663225367 -0.48515488671981083
num_features=5 1 4 6 3 4 4 5 5 5 6 5 5 4 5
leaf_features=0 1 4 7 10  10  7 10 14 22  4 6 7 10 36 68  7 10 22  7 10 14 22  1 4 7 10  4 7 10 12 36  4 7 10 12 36  4 7 10 36 68  4 6 7 10 36 68  1 4 7 10 26  0 1 4 7 10  1 4 7 10  1 4 7 10 26  
leaf_coeff=0.0069416822193372257 0.001594766391104905 -0.0013328565914789438 -0.00080730020746038649 0.011941481710833497  0.029377327545148622  -0.011322614991260027 0.014625240866160108 0.0078137883817887763 0.0052732571548248872  0.008149127246881209 -0.013677807369172046 -0.0063423572038849418 -0.0025281549168611056 -0.0016224947341634535 -0.0011555926361181614  -0.0074992015548373215 0.0015302453985659528 0.027243941678884772  -0.0011606641943220633 0.010309355537645535 -0.00045216730161222083 -0.011403523900554192  -0.00088158954652449515 0.007801216778157284 -0.00072992521711997345 0.00091230471210824527  0.012654536735617887 0.0011253225362284549 -0.0063925390505627233 0.014568692647987852 0.0043590042292156513  0.014363030089936973 -0.028327804204606941 0.003940777984925997 -0.0076935565881247761 -0.01271571348122727  -0.025794915033382115 0.015874269647909344 0.0051098734372426345 0.013631536936724576 -0.028661554012041752  -0.015371830544858266 0.0091329160445082561 -0.0057277570513419472 0.0091002013144865414 -0.01094978780185892 -0.0024856401039801261  0.0021111701206496395 0.012371809272181908 -0.0026895027579035974 -0.0061830691958777847 0.011806943945450572  0.0096711790623544777 0.0044284508433973723 0.00094778484857505085 -0.0012333048083882229 0.0023915846014994063  0.013752265051470973 0.0030909206925788628 -0.0029548363302241759 -0.0011168176201829284  -0.00064083328244876733 0.0041098247547716946 0.0051316934166344497 -0.0056646419089913776 -0.0059867012138975903  
shrinkage=0.04


Tree=10
num_leaves=16
num_cat=0
split_feature=13 73 22 73 1 47 67 10 3 36 73 1 34 73 73
split_gain=1.43621e+06 248720 38454.4 38140.7 5303.02 4091.6 3455.2 2689.34 2404.17 1307.38 986.292 236.49 191.365 172.025 15.6915
threshold=491.54436500000003 104.28581852851867 212.63532500000002 39.494509048345243 11.895775000000002 -23.906084999999987 8.0547400000000042 138.75658000000001 65.813225000000017 10.571525000000003 22.728929179990537 3.8161150000000004 44.234230000000004 16.064923274814348 8.2424097584148903
decision_type=2 2 2 2 2 2 2 2 2 2 2 2 2 2 2
left_child=1 3 5 4 11 -3 -5 -7 9 -8 13 -1 -12 -6 -13
right_child=-2 2 -4 6 10 7 8 -9 -10 -11 12 14 -14 -15 -16
leaf_value=-1.1454842667448955 14.170103531571126 1.0957160396404093 4.4887647831547381 -0.29986523841038232 -0.88495143019308264 1.5798393906697186 -0.0020000277402746768 2.5494719341013696 1.0054497535630031 0.60432354398293087 -0.44420367659183968 -1.0703463128825466 -0.6751377649590522 -0.75054458598651552 -0.97654678286263774
leaf_weight=113 10.999999999999998 11.000000000000002 10.999999999999998 11.999999999999998 38 10.000000000000002 13.000000000000002 9.9999999999999982 9.9999999999999982 9.9999999999999982 17.000000000000004 41 9.9999999999999982 39 26
leaf_count=113 11 11 11 12 38 10 13 10 10 10 17 41 10 39 26
internal_value=0 -0.431747 2.46332 -0.801978 -0.973372 1.73236 0.279382 2.07513 0.490408 0.262921 -0.744378 -1.10517 -0.532058 -0.817989 -1.03552
internal_weight=0 371 42 329 284 31 45 20 33 23 104 180 27 77 67
internal_count=382 371 42 329 284 31 45 20 33 23 104 180 27 77 67
is_linear=1
leaf_const=-1.1807707561552083 -2.5346173298626948 -0.80504379942929538 8.0746797834873743 0.67691021443344213 -1.0119631424394904 2.3268814240384388 -0.20623231215918683 1.7617542618034716 1.6955785620937425 -0.53945606017186043 -0.73427649479316204 -1.1478063691277318 -1.0432073679101497 -0.90728750862404028 -1.0033910494368004
num_features=3 1 4 3 3 3 5 5 5 4 5 4 3 4 3 3
leaf_features=1 13 73  13  13 22 47 73  13 22 73  13 67 73  1 13 73  10 13 22 47 73  3 13 36 67 73  10 13 22 47 73  3 13 67 73  3 13 36 67 73  1 13 34 73  1 13 73  1 13 34 73  1 13 73  1 13 73  
leaf_coeff=0.016577281777402253 0.0037539794351032548 0.00098919054998347655  0.019938962975029298  0.0060240628543689178 0.0043915813560977323 -0.021298049091781412 -0.0075535925408943801  -0.0036777738308609469 -0.039920915731838993 0.032425586211863727  -0.0011242034223283106 0.025547187762193679 -0.0092431833127893815  -0.010263571113711125 -0.0049827509467140815 0.028494921912730439  -0.034332764668944131 0.017683111368194351 0.0069224028177889366 0.0099756892439478197 8.2637164881305141e-06  0.013452862304917166 -0.0081889377677674836 -0.0033574439339365044 0.0059762377471485753 -0.0034268222002979565  0.0011472762359914059 -0.0010703972327013392 -0.0020094535742593684 -0.013244608983620199 0.0068654878688943211  -0.018468045613877992 0.0011259608285666192 0.0051494548258179907 0.0051601054804615394  0.0055865703901965 -0.0073634745652995208 -0.00021597065725572411 -0.0067082067014828809 0.022790848132846552  0.00230616910949113 0.0049632655419520428 -0.0061473612975414945 0.0087258091344686785  -0.0063177322459590365 0.00085364937079674536 0.02090948794821941  0.00046476748524684205 -0.0048377054849043965 0.0067076147044686663 0.004520145168611692  0.011331604094039991 1.9175337310279875e-05 -0.0054385263858853262  0.0078556607449581876 -0.0038697227340197841 -0.00025213704919533345  
shrinkage=0.04


Tree=11
num_leaves=16
num_cat=0
split_feature=13 73 22 73 73 3 66 65 45 36 73 2 28 21 10
split_gain=1.32361e+06 229220 35438.9 35150.4 4889.51 3835.9 3187.46 2047.79 1351.41 1313.95 896.143 240.885 184.552 102.118 22.5896
threshold=491.54436500000003 104.28581852851867 212.63532500000002 39.494509048345243 11.52627443812033 114.55568000000001 -24.143429999999992 10.112089999999997 28.448935000000009 4.7833549999999994 22.728929179990537 7.6411800000000012 26.729265000000002 22.393345000000004 2.8225200000000004
decision_type=2 2 2 2 2 2 2 2 2 2 2 2 2 2 2
left_child=1 3 5 4 11 8 -5 9 -3 -8 13 14 -12 -6 -1
right_child=-2 2 -4 6 10 -7 7 -9 -10 -11 12 -13 -14 -15 -16
leaf_value=-1.1088627152175989 13.603285280519781 1.6548474007683822 4.3091997658669428 0.85680591531702011 -0.75092954912870469 2.3135791755902892 0.024629795618936523 -0.4025204442279175 0.98785317826979258 0.62372331675916637 -0.40332694009686193 -0.94100612044730469 -0.62221018492720526 -0.87797565240510478 -1.0419729632030115
leaf_weight=91 10.999999999999998 11.000000000000005 10.999999999999998 10.999999999999998 57 9.9999999999999982 14.000000000000002 9.9999999999999982 9.9999999999999982 9.9999999999999982 14.000000000000002 30 12.999999999999998 19 60
leaf_count=91 11 11 11 11 57 10 14 10 10 10 14 30 13 19 60
internal_value=0 -0.414476 2.36478 -0.769898 -0.934437 1.66306 0.268203 0.0757017 1.34361 0.27597 -0.712874 -1.06003 -0.51077 -0.783856 -1.08302
internal_weight=0 371 42 329 284 31 45 34 21 24 103 181 27 76 151
internal_count=382 371 42 329 284 31 45 34 21 24 103 181 27 76 151
is_linear=1
leaf_const=-1.1322401054174778 -2.4332334536627429 3.2980041473215538 7.7516930583113588 -1.766541292547718 -0.84653276400183597 1.4584627117443236 0.11323376476254413 -0.075173076995783975 1.8771896411221864 0.41747715277720554 -0.87376701370794785 -1.1419927492254376 -1.0059581505901498 -1.1484404174119394 -1.051700386625487
num_features=4 1 5 3 3 3 4 5 4 5 5 3 3 3 3 4
leaf_features=2 10 13 73  13  3 13 22 45 73  13 22 73  13 66 73  13 21 73  3 13 22 73  13 36 65 66 73  13 65 66 73  3 13 22 45 73  13 36 65 66 73  13 28 73  2 13 73  13 28 73  13 21 73  2 10 13 73  
leaf_coeff=-0.00032046113959715688 0.0099248250785711912 0.0087272918302305422 -0.0006579760886702247  0.019141405787814671  -0.0086150360125091668 -0.014577184714007461 -0.025750294560764934 -0.03738870516272301 0.035101507507649718  -0.0035306633265266472 -0.038324080419114788 0.03112856288500002  -0.012511336703108642 0.0045682860596470854 0.047523984461479866  -0.002933531059391719 -0.0069162943354584188 0.015589888276596471  -0.01052041151293571 -0.00058106319252107866 0.0019307423018025108 0.014551277247552331  -0.0011444212343701978 0.0049804933683689255 -0.0063498739330063126 -0.010195977455718196 -0.00055426173703665438  0.00097277826418958231 -0.016086994079943084 -0.021658103986936371 -0.0025538909383453407  0.00047420553232825575 -0.0094467406706386006 0.013118923671956433 0.012589472916043889 -0.013159692894874165  -0.0050234940399609598 -0.0024661538143914189 0.014217898340209685 -0.01702093370925184 0.013288874277896812  -0.00091352693235670986 -0.007371180435098987 0.021234902217026889  -0.00097250167632410031 -0.0061729702457007833 0.030059011152063709  -0.0016848106500316365 -0.00019918834978291503 0.013816229923511546  0.0072450714249347225 -0.003316728892152981 0.012115196566899444  -0.00068956971753507911 0.00017043444555401525 0.0035082715402955963 -0.0014648188520850172  
shrinkage=0.04


Tree=12
num_leaves=16
num_cat=0
split_feature=13 73 22 73 1 47 66 10 65 36 73 2 34 73 10
split_gain=1.21984e+06 211249 32659.8 32394.5 4525.79 3556.15 2937.43 2316.94 1887.12 1210.86 833.008 203.401 171.657 151.404 17.1777
threshold=491.54436500000003 104.28581852851867 212.63532500000002 39.494509048345243 11.895775000000002 -23.906084999999987 -24.143429999999992 138.75658000000001 10.112089999999997 4.7833549999999994 22.728929179990537 7.6411800000000012 44.234230000000004 16.064923274814348 2.8225200000000004
decision_type=2 2 2 2 2 2 2 2 2 2 2 2 2 2 2
left_child=1 3 5 4 11 -3 -5 -7 9 -8 13 14 -12 -6 -1
right_child=-2 2 -4 6 10 7 8 -9 -10 -11 12 -13 -14 -15 -16
leaf_value=-1.0645064471817438 13.059139418043536 1.0033139938491957 4.1368174042572861 0.82251928226367865 -0.81580739098896826 1.4564678905978059 0.023633257700196392 2.3561535765392949 -0.38640379159757415 0.59875853661263356 -0.4073338812415363 -0.90821976062863385 -0.62560588119053628 -0.69010358005533445 -1.0011359564301934
leaf_weight=91 10.999999999999998 11.000000000000002 10.999999999999998 10.999999999999998 38 10.000000000000002 14.000000000000002 9.9999999999999982 9.9999999999999982 9.9999999999999982 17.000000000000004 30 9.9999999999999982 39 59
leaf_count=91 11 11 11 11 38 10 14 10 10 10 17 30 10 39 59
internal_value=0 -0.397897 2.27019 -0.739102 -0.897059 1.59654 0.257472 1.91599 0.072669 0.264925 -0.685508 -1.01882 -0.490333 -0.753169 -1.04029
internal_weight=0 371 42 329 284 31 45 20 34 24 104 180 27 77 150
internal_count=382 371 42 329 284 31 45 20 34 24 104 180 27 77 150
is_linear=1
leaf_const=-1.086928695078603 -2.3359035633953957 -0.70922008694984484 7.441625577132692 -1.6958796831739804 -0.92659214261799683 2.005637925305455 0.10870443077055705 1.7059021432679586 -0.072166165010723954 0.40077822927356016 -0.6809623593831976 -0.98271210728386926 -0.97024122556322268 -0.8264169879340354 -1.0280173107258557
num_features=5 1 4 3 3 3 5 5 5 4 5 4 4 4 3 5
leaf_features=1 2 10 13 73  13  13 22 47 73  13 22 73  13 66 73  1 13 73  10 13 22 47 73  13 36 65 66 73  10 13 22 47 73  13 65 66 73  13 36 65 66 73  1 13 34 73  1 2 13 73  1 13 34 73  1 13 73  1 2 10 13 73  
leaf_coeff=-0.00095908212007553859 0.00025037266131299423 0.010023565390621344 0.0085896521322216327 -0.00084772658029677941  0.018375748858307894  0.0057847273280437293 0.0038700958444437112 -0.019576112891527449 -0.0073840235643935709  -0.0033894358695552469 -0.036791117954728642 0.02988341946898786  -0.012010883323456557 0.0043855553941205758 0.045623026443156085  -0.0096550064731294339 -0.0046499893896878594 0.02608166536696729  -0.031374887190633707 0.017074660196447697 0.0066750904276445065 0.0092126965467734991 -5.7784902823812002e-05  -0.0010986444317644872 0.0047812734248474835 -0.0060958792667983926 -0.0097881382659108958 -0.00053209153611477166  0.0014279516140740614 -0.0010738317197796479 -0.0020182648122607288 -0.012916908955436955 0.0057104649263256145  0.00093386731812621819 -0.015443513426766062 -0.020791780604420898 -0.0024517358581432097  -0.0048225540913311091 -0.0023675058845158861 0.013649181556969314 -0.016340097086311688 0.012757315690261496  0.0022620992806401223 0.0045551730506685224 -0.005581744571589874 0.0080028981321115834  0.0020159678838859922 0.0049884945481753831 -0.0037186007836289298 0.0037263763528983338  0.00084631461714316473 -0.0046664777702650814 0.0067065691532172044 0.0031218068326813869  0.010752328632859617 -5.4466351704132177e-05 -0.0057360872716566303  0.0090280676303643604 -0.0066888338550396059 0.0018354146463979595 0.0012265710313225321 -0.001385673668512766  
shrinkage=0.04


Tree=13
num_leaves=16
num_cat=0
split_feature=13 73 22 73 1 3 66 47 56 50 73 2 28 73 10
split_gain=1.1242e+06 194686 30098.6 29854.7 4170.81 3391.35 2707.01 2321.16 1814.79 1638.39 767.593 187.276 164.727 139.39 15.6341
threshold=491.54436500000003 104.28581852851867 212.63532500000002 39.494509048345243 11.895775000000002 114.55568000000001 -24.143429999999992 -5.8656999999999986 8.0220300000000027 4.9095600000000008 22.728929179990537 7.6411800000000012 26.729265000000002 16.064923274814348 2.8225200000000004
decision_type=2 2 2 2 2 2 2 2 2 2 2 2 2 2 2
left_child=1 3 5 4 11 7 -5 -3 9 -8 13 14 -12 -6 -1
right_child=-2 2 -4 6 10 -7 8 -9 -10 -11 12 -13 -14 -15 -16
leaf_value=-1.0219244362991287 12.536759194039012 0.77842900266741755 3.9713302419851506 0.78960408872312271 -0.78317090272277678 2.1439282271885642 0.66713385024873328 1.6344327167132953 -0.30012356095641629 -0.037810966216766093 -0.36941401098636872 -0.87188564870840701 -0.57584808699047307 -0.66249533592282672 -0.96108780062138144
leaf_weight=91 10.999999999999998 10.000000000000002 10.999999999999998 10.999999999999998 38 9.9999999999999982 10.000000000000002 11.000000000000002 12.999999999999998 10.999999999999998 14.000000000000002 30 12.999999999999998 39 59
leaf_count=91 11 10 11 11 38 10 10 11 13 11 14 30 13 39 59
internal_value=0 -0.381981 2.17938 -0.709537 -0.861176 1.53267 0.247169 1.23262 0.0697575 0.299258 -0.658086 -0.978064 -0.470714 -0.72304 -0.998678
internal_weight=0 371 42 329 284 31 45 21 34 21 104 180 27 77 150
internal_count=382 371 42 329 284 31 45 21 34 21 104 180 27 77 150
is_linear=1
leaf_const=-1.0434515453131339 -2.2424673240158248 1.52790451884247 7.143960297279774 -1.6280444092609017 -0.88952848163014564 1.4048802498535045 -0.25121723027716147 -0.63150203834044094 -0.50959848361298332 -0.50173408785828921 -0.86046709013074874 -0.94340362160937752 -0.96943571467157219 -0.79336030346695241 -0.98689661505171578
num_features=5 1 5 3 3 3 4 5 5 4 5 4 4 4 3 5
leaf_features=1 2 10 13 73  13  3 13 22 47 73  13 22 73  13 66 73  1 13 73  3 13 22 73  13 50 56 66 73  3 13 22 47 73  13 56 66 73  13 50 56 66 73  1 13 28 73  1 2 13 73  1 13 28 73  1 13 73  1 2 10 13 73  
leaf_coeff=-0.00092071663313134002 0.00024036201108302186 0.0096226302487806958 0.0082460538467987038 -0.00081382198071061412  0.017640718510939686  0.0050908989695515328 0.019322364865799118 -0.0009133189208649741 0.034427959084195631 -0.02100980926762553  -0.0032538582745250018 -0.035319470298442762 0.028688080218399043  -0.011530447513181309 0.0042101329781094364 0.043798103625514895  -0.0092688063520931525 -0.0044639884543710385 0.025038398819994544  -0.010041496062791188 -0.00044203217176896469 0.0018641512379066686 0.013228883438045361  0.0082370226401688763 0.0070073318370824124 -0.002590548891252134 -0.0061319259932138877 0.0068020749881604571  -0.00775933047533883 0.016176309345152122 -0.023748018273868472 0.0040158771644583533 0.028531888393468  0.0034599207891769074 0.0018775761545640206 -0.017008341173718567 -0.0028294629332464545  -0.015191304018687591 -0.0084213680998826927 -0.0046885432231930629 -1.3193815024993286e-05 0.027577893569195069  0.0091292777575854543 8.4173378935481513e-05 0.0009556855901113972 0.0043559610801002444  0.0019353283174405082 0.0047889527829117649 -0.0035698566229540071 0.003577324579877637  0.00059937955218785548 -0.0017680692386209532 0.00028061791087182549 0.01287125624413122  0.010322234402262327 -5.228786260255803e-05 -0.0055066420925646764  0.0086669486303700815 -0.0064212805416251238 0.0017619986672144441 0.0011775085209735716 -0.0013302498666274689  
shrinkage=0.04


Tree=14
num_leaves=16
num_cat=0
split_feature=13 73 22 73 1 3 67 47 3 36 73 2 34 73 10
split_gain=1.03606e+06 179422 27738.2 27514 3843.67 3125.11 2507.76 2138.96 1799.07 990.63 707.311 172.422 152.554 128.323 14.2194
threshold=491.54436500000003 104.28581852851867 212.63532500000002 39.494509048345243 11.895775000000002 114.55568000000001 8.0547400000000042 -5.8656999999999986 65.813225000000017 10.571525000000003 22.728929179990537 7.6411800000000012 44.234230000000004 16.064923274814348 2.8225200000000004
decision_type=2 2 2 2 2 2 2 2 2 2 2 2 2 2 2
left_child=1 3 5 4 11 7 -5 -3 9 -8 13 14 -12 -6 -1
right_child=-2 2 -4 6 10 -7 8 -9 -10 -11 12 -13 -14 -15 -16
leaf_value=-0.98104570156394744 12.035274713189756 0.747276014951196 3.8124626998214048 -0.25616813738484034 -0.7518398649360879 2.0581552577254798 -0.010216142275861201 1.5690409768594276 0.86259350313998717 0.51748067232641859 -0.37378037023265459 -0.83700491109955755 -0.57923656652469468 -0.63599143055089002 -0.92264158529678597
leaf_weight=91 10.999999999999998 10.000000000000002 10.999999999999998 11.999999999999998 38 9.9999999999999982 13.000000000000002 11.000000000000002 9.9999999999999982 9.9999999999999982 17.000000000000004 30 9.9999999999999982 39 59
leaf_count=91 11 10 11 12 38 10 13 11 10 10 17 30 10 39 59
internal_value=0 -0.366701 2.0922 -0.681155 -0.826728 1.47136 0.237279 1.18331 0.417067 0.220291 -0.631761 -0.938941 -0.451879 -0.694116 -0.95873
internal_weight=0 371 42 329 284 31 45 21 33 23 104 180 27 77 150
internal_count=382 371 42 329 284 31 45 21 33 23 104 180 27 77 150
is_linear=1
leaf_const=-1.0017134827018028 -2.1527687711344337 1.4667885912670775 6.8582021605528292 0.61865309688213765 -0.85394731769606114 1.3486850835123554 -0.19746408606259827 -0.60624198979279764 1.5275128829124154 -0.48294620087051054 -0.63129313021516298 -0.90566753162450842 -0.90047452399382577 -0.76162589677916015 -0.94742076193874269
num_features=5 1 5 3 3 3 4 5 5 4 5 4 4 4 3 5
leaf_features=1 2 10 13 73  13  3 13 22 47 73  13 22 73  13 67 73  1 13 73  3 13 22 73  3 13 36 67 73  3 13 22 47 73  3 13 67 73  3 13 36 67 73  1 13 34 73  1 2 13 73  1 13 34 73  1 13 73  1 2 10 13 73  
leaf_coeff=-0.0008838974494678499 0.0002307504881558842 0.0092377263368696571 0.0079162180444947716 -0.0007812695664776827  0.016935090296571198  0.0048872627921262447 0.018549470539745594 -0.00087678667919147927 0.03305084165928316 -0.020169418010781225  -0.0031237042565994072 -0.033906693449955588 0.02754055867847726  -0.00081118019209336823 0.022291581426943301 -0.0086265508288094518  -0.0088980535245575983 -0.0042854299995544673 0.024036861571225646  -0.0096398350605626376 -0.00042435160698186543 0.001789585198925057 0.012699727638327583  0.011494411519427518 -0.0074690554521365752 -0.0040204127321668897 0.0047607670492466388 -0.0021719691733181265  -0.0074489577188429495 0.015529256045632994 -0.022798097723568566 0.0038552420445465791 0.027390614334048925  -0.015898259425004828 0.0010605400542861789 0.0045950599757614979 0.003464028572021079  0.0021007750533225083 -0.0061285107292640018 0.00050887743756852907 -0.0049029719628424584 0.021224673485010476  0.002087449409184892 0.0041909333507737677 -0.0050248349384954955 0.0074245749220336436  0.0018579193576005086 0.0045973983567191125 -0.003427063071273829 0.0034342292989863318  0.0010800404484086991 -0.0044694772070525846 0.006606100959572531 0.0020544111491727795  0.0099093454882866194 -5.0196528950241523e-05 -0.0052863764875087337  0.0083202643710825804 -0.0061644199867875232 0.0016915183420851767 0.0011304066844826013 -0.0012770382609356547  
shrinkage=0.04


Tree=15
num_leaves=16
num_cat=0
split_feature=2 73 22 0 3 0 68 26 3 41 73 36 2 43 9
split_gain=869829 190099 44415.7 13466.2 4187.68 2745.72 2565 1243.1 819.431 645.153 435.805 154.969 137.356 61.6284 13.6073
threshold=385.39024000000006 74.17370810251218 234.21853000000002 41.405265000000007 117.35177000000002 10.450330000000003 6.5776150000000007 163.42843500000004 38.277750000000005 14.902315 19.831034681731104 -4.5752849999999983 8.3079200000000011 -0.44288999999999995 2.5356300000000007
decision_type=2 2 2 2 2 2 2 2 2 2 2 2 2 2 2
left_child=1 3 4 5 6 12 7 -3 -5 -10 13 -12 14 -7 -1
right_child=-2 2 -4 8 -6 10 -8 -9 9 -11 11 -13 -14 -15 -16
leaf_value=-0.94632482457260181 11.598328929938896 0.95149989566287463 4.0564657345333632 -0.26102530510957583 1.8920832812096464 -0.78211488422594566 0.56564308894499582 1.5624938662190084 0.34997759030870168 -0.055286305260112273 -0.38038733153650084 -0.57351580587039708 -0.80080341821429391 -0.66888138673549291 -0.89041011533724157
leaf_weight=72 9.9999999999999982 11.000000000000002 10.999999999999998 11.999999999999998 11.999999999999998 17 12.999999999999998 11.999999999999998 12.000000000000002 12.999999999999998 9.9999999999999982 29 26 40 73
leaf_count=72 10 11 11 12 12 17 13 12 12 13 10 29 26 40 73
internal_value=0 -0.302409 1.77351 -0.705766 1.24291 -0.804835 1.02177 1.27584 0.00927418 0.1397 -0.632045 -0.525197 -0.901391 -0.704033 -0.918835
internal_weight=0 363 59 304 48 267 36 23 37 25 96 39 171 57 145
internal_count=373 363 59 304 48 267 36 23 37 25 96 39 171 57 145
is_linear=1
leaf_const=-0.95991268968399213 -3.9150120264828647 0.64597079598055651 0.25330364520847076 -1.1001528063218009 1.8738503682447303 -1.0455181315974051 0.1375841854106466 -0.96386449078225289 -1.9351827280797447 0.235145414392149 0.059011183894788259 -0.78674745683823877 -0.71525811131415151 -0.83895959133756171 -0.90296662935666994
num_features=4 1 6 3 4 4 4 5 6 5 5 4 4 3 4 4
leaf_features=0 2 9 73  2  2 3 22 26 68 73  2 22 73  0 2 3 73  2 3 22 73  0 2 43 73  2 3 22 68 73  2 3 22 26 68 73  0 2 3 41 73  0 2 3 41 73  0 2 36 73  0 2 36 73  0 2 73  0 2 43 73  0 2 9 73  
leaf_coeff=-0.0026441855767050633 0.0079181989266329834 0.0084541943741351152 -0.0043419649502815369  0.022898386613269178  -0.0035703491901869994 0.019574969346951011 -0.00057293426380730325 -0.0045373400413607013 0.001827345921427304 -0.0030056877170341052  0.021393625866556368 0.0042882322333808714 -0.013788000359348093  0.0014099225132133244 0.0087224683574130893 0.0021185672124524584 0.006944180722720167  0.001488014823627344 -0.0076932828939745707 -0.0028047702552268612 0.0084763580898974157  -0.0011010390534248419 -0.012314331220653972 -0.0026163315082614207 0.030710676178402996  0.0054869102564965742 -0.0024357077520955534 0.0067202207355643445 -0.0017964713396420276 -0.0063589835491465524  0.010009961612102389 0.016105123077738315 0.0035445810027315621 -0.0080112628643836479 -0.0031700869427243113 0.010879326601181634  0.0081181413781024527 0.0018812128838862922 -0.021431205471404646 0.0077586226273052908 0.045258596159117141  0.0078461797622787453 0.016630137978541858 -0.022884566008872766 0.012146927132084859 -0.018090409268344924  0.0015885691675742212 -0.0081555420026413489 0.010679521900156318 -0.0019387460982193264  0.0090737540598104984 -0.0057023096520122975 -0.0032646187081590314 0.005834980994616502  -0.00019290052381961691 -0.00633383495114174 -0.0011682919935199012  -0.021855047514046794 -0.0048114223946230444 -7.0940358885298604e-05 0.038630240967024755  0.0070901982318125984 -0.0050370341158577515 -0.010343320651679059 0.011823888969353311  
shrinkage=0.04


Tree=16
num_leaves=14
num_cat=0
split_feature=1 73 2 0 0 4 47 63 73 60 34 1 38
split_gain=802445 143334 19539.1 12410.4 2530.32 2298.59 1661.33 796.447 404.055 217.988 173.892 139.149 102.239
threshold=405.03235500000011 74.17370810251218 201.18386500000003 41.405265000000007 10.450330000000003 86.954080000000019 -12.982309999999996 -11.514044999999998 22.728929179990537 11.494664999999992 44.234230000000004 7.8134150000000018 -1.7851799999999995
decision_type=2 2 2 2 2 2 2 2 2 2 2 2 2
left_child=1 3 5 4 11 -3 -7 9 12 -5 -10 -1 -6
right_child=-2 2 -4 7 8 6 -8 -9 10 -11 -12 -13 -14
leaf_value=-0.8869842479230754 9.7434957443120851 0.54557865211555567 2.7018558156268204 -0.292860005255973 -0.60280124974688842 0.85908279072154659 1.4898664293791117 0.20964038447329877 -0.3547470901576617 -0.028595575106025929 -0.57928631206890502 -0.7846388571602958 -0.71125503316303162
leaf_weight=134 12.999999999999998 10.999999999999998 15.999999999999998 10.000000000000002 38 11.999999999999998 17.000000000000004 17 13.000000000000002 9.9999999999999982 10.999999999999998 37 34
leaf_count=134 13 11 16 10 38 12 17 17 13 10 11 37 34
internal_value=0 -0.334893 1.52298 -0.677535 -0.772641 1.04577 1.23284 0.0088989 -0.606762 -0.161726 -0.459804 -0.865334 -0.654986
internal_weight=0 360 56 304 267 40 29 37 96 20 24 171 72
internal_count=373 360 56 304 267 40 29 37 96 20 24 171 72
is_linear=1
leaf_const=-0.91647484671735402 -1.0480585864445404 1.5539016315158098 2.4079967174827841 -0.80978124484141989 -0.81637788378679954 2.6498882131625039 0.56006416247881141 -1.3214829151883341 -0.15805275308269076 -0.41735011830067015 -0.46204726789046624 -0.99024058024070216 -0.82577977133140867
num_features=3 1 4 3 5 4 5 5 4 4 5 4 3 4
leaf_features=0 1 73  1  1 2 4 73  1 2 73  0 1 60 63 73  0 1 38 73  1 2 4 47 73  1 2 4 47 73  0 1 63 73  0 1 34 73  0 1 60 63 73  0 1 34 73  0 1 73  0 1 38 73  
leaf_coeff=0.0028147681670481722 0.0066461135313291226 0.0018156728142871262  0.014983405939068958  0.01184106479348572 -0.0017760712492547717 -0.018646404650389282 -0.0093162039724053632  -0.001057466515733694 -0.0068158489300619617 0.011101721785915487  0.019543758907579804 -0.010770423323636645 -0.013371396432247124 0.0043806386838468299 0.0004774620360470473  -0.0061509176201575153 0.014141059541714294 0.0046518073677964374 0.0049891312500157893  -0.0057103938894423481 -0.00073169063582770213 0.00032155003416519897 -0.0059242986700327564 -0.0093120693891516042  0.0028286176598706675 -0.0022328298913815562 0.0013851527096334596 -0.0044505571983255408 0.0060271826450824153  0.0077706577266156811 0.0068153964747300153 -0.0025911353070583215 0.010131496771748065  -0.011273486830682916 0.0018157187357257778 -0.0083446552104951988 0.010155957363232881  0.0050261954744823846 -0.0026089384377236385 -0.011138044809116258 -0.011739875755465607 0.0038971567305721407  0.0057383289307155402 -0.0064531443600309418 -0.0023980155408280272 0.0043017448637409578  0.0095871141643765184 0.017657394221075439 -0.0065569496977417084  -0.010573869530994673 -0.0087971708869491773 0.0030756012717746647 0.028050189546866597  
shrinkage=0.04


Tree=17
num_leaves=15
num_cat=0
split_feature=8 73 22 0 55 0 4 55 63 73 60 34 1 38
split_gain=739781 161285 37937.3 11437.4 3540.11 2331.8 1791.23 1231.1 733.936 372.28 200.867 160.168 128.249 94.0971
threshold=442.60068500000006 74.17370810251218 234.21853000000002 41.405265000000007 9.2419450000000012 10.450330000000003 86.954080000000019 94.708715000000026 -11.514044999999998 22.728929179990537 11.494664999999992 44.234230000000004 8.3865150000000011 -1.7851799999999995
decision_type=2 2 2 2 2 2 2 2 2 2 2 2 2 2
left_child=1 3 4 5 -3 12 -6 -8 10 13 -5 -11 -1 -7
right_child=-2 2 -4 8 6 9 7 -9 -10 11 -12 -13 -14 -15
leaf_value=-0.85003898018430246 10.696203395730201 1.8143548432907259 3.7431193253800692 -0.2811297648968083 0.52374110488204284 -0.57868500446710069 1.4014400520054162 0.84432286677469748 0.20124541073514707 -0.34054498497766394 -0.027435908553623923 -0.55610044118520385 -0.74748636505034771 -0.68280014127580313
leaf_weight=138 9.9999999999999982 9.9999999999999982 10.999999999999998 10.000000000000002 10.999999999999998 38 14.000000000000002 12.999999999999998 17 13.000000000000002 9.9999999999999982 10.999999999999998 33 34
leaf_count=138 10 10 11 10 11 38 14 13 17 13 10 11 33 34
internal_value=0 -0.2789 1.63323 -0.650433 1.14286 -0.741735 0.961744 1.13745 0.00853863 -0.582489 -0.155249 -0.441405 -0.83072 -0.628785
internal_weight=0 363 59 304 48 267 38 27 37 96 20 24 171 72
internal_count=373 363 59 304 48 267 38 27 37 96 20 24 171 72
is_linear=1
leaf_const=-0.87811644020849733 -6.4209990346589265 2.3194553343360034 5.9075850213076242 -0.21348429494890755 1.972146551498045 -0.7712985831243806 -0.445200641044603 0.61099123201600392 -1.0895438678891778 -0.15210495620090345 -0.7765107849930728 -0.2658959656180469 -0.96879718881860322 -0.82803797250480116
num_features=4 1 4 3 5 5 4 5 5 4 4 5 4 4 4
leaf_features=0 1 8 73  8  8 22 55 73  8 22 73  0 8 60 63 73  4 8 22 55 73  0 8 38 73  4 8 22 55 73  4 8 22 55 73  0 8 63 73  0 8 34 73  0 8 60 63 73  0 8 34 73  0 1 8 73  0 8 38 73  
leaf_coeff=-0.0037991380137497996 -0.00036124047474974226 -0.0073300715668413044 0.025445829303998555  0.025748981048977906  0.0012130798685597351 -0.0059484603380554725 -0.00094269236926953842 0.0011419114177912706  -0.013799147603492766 -0.0188872545260832 0.027998942879642115  0.011023168597511705 0.0084727407638415832 -0.011045942578702991 0.014686143188706749 -0.020058499156593759  -0.037098140066530054 -0.0046524439109450772 -0.0023665623667552898 -0.0047767192488435712 0.022185949564826477  -0.0094434483591932065 -0.0095723657633339423 -0.00042640591613253071 0.032236382188810218  -2.8607195820371527e-05 1.6264589064913796e-05 -0.0068989229611558416 0.0076172778740437614 0.018016475669563197  -0.0033792696301294897 -0.003289998982149421 0.002793969291105754 0.0029038162421107933 0.0034678907830033275  0.0045155910677868605 -0.004529158398620693 -0.0031060083914072386 0.023043192029085183  -0.0082548652378917012 -0.00042927456311197442 -0.0080409444161425921 0.010039208406447744  0.0068432918971132167 0.010793950676649209 -0.0095751938955432308 -0.0099345804973076917 -0.0062571269429155174  0.0052445329115913359 -0.0057201982890863652 -0.00050792082538222885 -0.0054941023847497319  0.013136980395458979 0.013952962508647035 -0.0070775372123449481 0.0060721906780009157  -0.0073709478991325749 0.0024204677437181491 -9.5567061044228308e-05 0.014336490802667046  
shrinkage=0.04


Tree=18
num_leaves=15
num_cat=0
split_feature=2 73 22 0 3 0 4 45 63 73 60 34 1 43
split_gain=685059 148070 34335.6 10540.7 3314.95 2148.86 1597.41 1456.46 676.329 342.999 185.09 147.523 118.086 88.5232
threshold=385.39024000000006 74.17370810251218 234.21853000000002 41.405265000000007 117.35177000000002 10.450330000000003 86.954080000000019 28.448935000000009 -11.514044999999998 22.728929179990537 11.494664999999992 44.234230000000004 7.8134150000000018 0.098689999999999958
decision_type=2 2 2 2 2 2 2 2 2 2 2 2 2 2
left_child=1 3 4 5 6 12 -3 -8 10 13 -5 -11 -1 -7
right_child=-2 2 -4 8 -6 9 7 -9 -10 11 -12 -13 -14 -15
leaf_value=-0.81745442935906643 10.292961099454676 0.4633764773076125 3.5709766470419404 -0.26986873182919946 1.6746753106235477 -0.67610807113317195 1.3040112688526602 0.67546257510043628 0.19318624273378251 -0.3269109750340003 -0.026322632119207108 -0.5338420125600456 -0.72307105092668156 -0.56822222529020916
leaf_weight=134 9.9999999999999982 9.9999999999999982 10.999999999999998 10.000000000000002 11.999999999999998 23 16.000000000000004 9.9999999999999982 17 13.000000000000002 9.9999999999999982 10.999999999999998 37 49
leaf_count=134 10 10 11 10 12 23 16 10 17 13 10 11 37 49
internal_value=0 -0.268428 1.56369 -0.624415 1.09714 -0.712065 0.900412 1.06593 0.00819278 -0.559188 -0.149031 -0.423742 -0.79749 -0.603631
internal_weight=0 363 59 304 48 267 36 26 37 96 20 24 171 72
internal_count=373 363 59 304 48 267 36 26 37 96 20 24 171 72
is_linear=1
leaf_const=-0.84426602124491168 -3.5325979764742632 2.6061910696617185 0.4119487639092041 -0.75332273029671815 1.7450397241912519 -0.89932159685172808 2.1617287459627192 2.7103561932579856 -1.1748920846342175 -0.2193395256505733 0.22774564780404721 -0.44372299543727428 -0.90831121205663767 -0.75884177104075445
num_features=4 1 5 3 5 4 4 6 6 4 4 5 4 4 4
leaf_features=0 1 2 73  2  2 3 4 22 73  2 22 73  0 2 60 63 73  2 3 22 73  0 2 43 73  2 3 4 22 45 73  2 3 4 22 45 73  0 2 63 73  0 2 34 73  0 2 60 63 73  0 2 34 73  0 1 2 73  0 2 43 73  
leaf_coeff=0.0030508818743945937 0.0067279439046093624 -0.0015161860517320849 0.0019556704641917836  0.0204065710457868  -0.0046255271464073653 0.011878513334373529 -0.0016362396697930852 -0.0055370618707866383 -0.025503686116840361  0.020224852542228722 0.0040921397938378954 -0.014583925377423096  0.011358813110532327 -0.012408683413348671 -0.010329804055637333 0.0088786224210016997 0.013167417209153459  0.0011503869044835781 -0.0069205495437047937 -0.0025792537022448639 0.0073622663823981697  -0.00086156937020458472 -0.0081212967926903457 0.0007701770046876623 0.023893000635148102  -0.0013507377726914619 -0.0061236396508961392 0.002844143185248527 -0.0070461313011037077 -0.0013867934356427728 0.0029148911666356985  -0.0068934442979646003 -0.00043802425783337826 -0.011301319244206491 0.0016097078035092242 0.00723221829012959 0.00042932546766607523  0.0051015120660042445 0.00075306821078857016 -0.0034460760690869694 0.018190055431889562  -0.0094102788750310053 0.003459532414565186 -0.0048909901955168427 0.0064082826067877905  0.0091580074919357726 -0.019968616682633476 -0.015354061433256244 -0.010863513167485073 0.0073639673288995889  0.0056267904489868681 -0.0031499339989613877 0.0012025125736113299 -0.0051955984262372122  0.0086072819255714715 0.016327653226242664 -0.00074538860282160626 -0.0055893155751775949  -0.0055931688471111242 0.00056985659378297265 -0.007964996761424141 0.01906997521939886  
shrinkage=0.04


Tree=19
num_leaves=15
num_cat=0
split_feature=2 73 22 0 55 0 4 55 63 73 60 38 1 38
split_gain=631349 136461 31643.1 9714.31 3103.97 1980.27 1526.09 1086.28 623.241 316.018 170.55 128.076 109.109 85.4927
threshold=385.39024000000006 74.17370810251218 234.21853000000002 41.405265000000007 9.2419450000000012 10.450330000000003 86.954080000000019 94.708715000000026 -11.514044999999998 22.728929179990537 11.494664999999992 -3.4270399999999999 8.3865150000000011 -1.7851799999999995
decision_type=2 2 2 2 2 2 2 2 2 2 2 2 2 2
left_child=1 3 4 5 -3 12 -6 -8 10 13 -5 -11 -1 -7
right_child=-2 2 -4 8 6 9 7 -9 -10 11 -12 -13 -14 -15
leaf_value=-0.78342171444571795 9.8812269093730691 1.6818581020241921 3.4281231850976348 -0.25905814416337719 0.47947132488628774 -0.53205587872682913 1.2936727629316613 0.7709683721120123 0.18544943003626599 -0.29110187100892021 -0.025253885665742486 -0.48648255368496524 -0.68875688789114131 -0.63065826035664585
leaf_weight=138 9.9999999999999982 9.9999999999999982 10.999999999999998 10.000000000000002 10.999999999999998 38 14.000000000000002 12.999999999999998 17 10.000000000000002 9.9999999999999982 13.999999999999998 33 34
leaf_count=138 10 10 11 10 11 38 14 13 17 10 10 14 33 34
internal_value=0 -0.257691 1.50114 -0.599438 1.05325 -0.683582 0.883743 1.04592 0.00786075 -0.536819 -0.143062 -0.406786 -0.76559 -0.579484
internal_weight=0 363 59 304 48 267 38 27 37 96 20 24 171 72
internal_count=373 363 59 304 48 267 38 27 37 96 20 24 171 72
is_linear=1
leaf_const=-0.81032143902419407 -3.391294321500482 2.2828265417171321 0.39547080781774646 -0.72318980384103282 2.3470502074924848 -0.67420489498998004 -0.93849856500972251 1.3954209935031217 -1.1278964020545279 -0.69460833754607632 0.21863580693198775 -0.28560103728105563 -0.85928162856851054 -0.78751932052775386
num_features=4 1 4 3 5 5 4 5 5 4 4 5 4 4 4
leaf_features=0 1 2 73  2  2 22 55 73  2 22 73  0 2 60 63 73  2 4 22 55 73  0 2 38 73  2 4 22 55 73  2 4 22 55 73  0 2 63 73  0 2 38 73  0 2 60 63 73  0 2 38 73  0 1 2 73  0 2 38 73  
leaf_coeff=0.0021100230555432357 0.0063149916593157954 -0.00081933158019086981 0.0019990538480242929  0.019590308732137598  -0.0012767334896433894 -0.0062958511880397347 -0.0017466337377660438 0.0037173733415876782  0.019415858967473911 0.0039284537815792052 -0.014000568346643158  0.010904460098465168 -0.011912335567405494 -0.0099166117150921562 0.0085234777420518312 0.012640720262194167  -0.0074031860665731324 -0.04512780499479651 -0.0078045182303296571 -0.01074894642235286 0.034528391537753868  -0.0045304642125581834 0.0085130797829815127 0.0024950932307175938 0.0059352879450452192  -0.004270945326183836 -0.00056579690435470302 0.00059341069361998691 0.0046433892520157559 0.021279655099777348  0.0012400875138373381 -0.0041691738857349498 -0.00020769240591299369 0.0015400487593978521 -0.0031714752077451895  0.004897451726765284 0.00072294565586768732 -0.003308232708257048 0.017462452713186666  0.006090244937304555 0.020925875391660329 0.024570129719146582 -0.0033263220297756043  0.0087916872404025861 -0.019169871878030421 -0.014739898952581843 -0.01042897231417309 0.0070694088504395904  0.0025932134037834238 -0.0036656848033869067 0.0067759158388393829 -0.0041818134765559739  0.011216438913929497 0.014620567665734259 -0.00067355756559322815 -0.0073556395945674619  -0.0066880065812247851 -0.0036921551553570717 0.0021194946655523597 0.021091277784968842  
shrinkage=0.04


Tree=20
num_leaves=16
num_cat=0
split_feature=8 73 26 4 73 55 9 1 0 48 73 40 67 13 56
split_gain=786544 94092.5 19401.6 6956.35 5181.64 2570.04 1889.4 1371 621.756 199.59 166.28 115.787 114.025 85.5672 75.0508
threshold=442.60068500000006 65.91741855347378 403.52540500000003 32.048050000000011 115.45715715138813 70.797055000000015 119.68046000000002 11.260875 58.802600000000005 5.0779350000000028 18.732473463117678 -2.0479499999999979 5.8250399999999951 5.1301650000000008 -1.5424099999999974
decision_type=2 2 2 2 2 2 2 2 2 2 2 2 2 2 2
left_child=1 3 4 7 6 -6 -3 13 11 -10 14 -5 -12 -1 -9
right_child=-2 2 -4 8 5 -7 -8 10 9 -11 12 -13 -14 -15 -16
leaf_value=-0.75550870587172514 10.527046837334161 0.64241312815880891 2.6150012468217732 -0.35464056043341607 1.5281769011036448 0.68877271859952738 -0.035537210171765629 -0.47947834235577552 0.18214924746220654 -0.069266940201863206 -0.35568071917068855 -0.15866917534629899 -0.52291580799362436 -0.67272677706900963 -0.6086965239994111
leaf_weight=128 10.999999999999998 19.000000000000004 10.999999999999998 10.000000000000002 15.000000000000002 9.9999999999999982 9.9999999999999982 11.999999999999998 10.000000000000002 9.9999999999999982 12.000000000000002 9.9999999999999982 19 37 44
leaf_count=128 11 19 11 10 15 10 10 12 10 10 12 10 19 37 44
internal_value=0 -0.284979 1.09029 -0.591399 0.775365 1.19666 0.409181 -0.669161 -0.100956 0.056523 -0.53902 -0.258131 -0.45966 -0.737388 -0.581982
internal_weight=0 357 65 292 54 25 29 252 40 20 87 20 31 165 56
internal_count=368 357 65 292 54 25 29 252 40 20 87 20 31 165 56
is_linear=1
leaf_const=-0.77800137205162134 -3.7160550640063326 -0.40728349231977073 -1.1409780107510781 -0.28515900976520475 1.7414269087896721 0.98027600337944953 9.2899518487208503 -0.25799490283401616 4.1988957593029781 -0.40727669783257631 -0.32221819973289945 0.15892494763517792 -0.67540695359264202 -0.70457780604985842 -0.69296053424331849
num_features=5 1 4 3 5 4 4 4 5 5 5 5 5 5 5 5
leaf_features=1 4 8 13 73  8  8 9 26 73  8 26 73  0 4 8 40 73  8 26 55 73  8 26 55 73  8 9 26 73  1 4 8 56 73  0 4 8 48 73  0 4 8 48 73  1 4 8 67 73  0 4 8 40 73  1 4 8 67 73  1 4 8 13 73  1 4 8 56 73  
leaf_coeff=-0.0033162112084139401 0.00086188206275934949 -0.0081473696973149868 -0.00070359991158980523 0.025445290704320063  0.021628312021579457  -0.0070921641709606855 -0.0026462925542266374 -0.00065983024782662167 0.024724861151315492  -0.025744253771247477 0.0054420398986493633 0.031461868515439737  0.0041937986400700754 -0.0082298201808192074 0.0096882535053538481 -0.0065502441849739782 -0.01149520758466924  0.008096490537778972 -0.0032244228899980338 -0.007511324833452823 -0.0047458484635745897  -0.0048189425633985306 0.004241320405711538 0.0029139777780700631 -0.0040804715699940186  0.0048664658315957796 -0.064218553508487319 0.0019333094876928631 -0.017507003330173635  0.0073468992035695653 -0.012001673827120671 -0.0052043428035370466 0.0047195988008824109 -0.0023267570813237629  -0.01138356255053097 7.7492109173675792e-05 0.002823670266651633 -0.031523559700923021 -0.056123959517531158  -0.00013945951260442517 0.0084717613356058031 0.00073073439808017519 0.0044588414249799122 -0.0051540506568470467  0.0017175610766189478 0.0089787169797129716 0.0023618873907943045 0.01114237800971239 -0.012955650606683024  -0.0066849861607220012 0.0093397007608115624 -0.0049229068928818608 0.0043306321072115149 -0.0099547716397346189  -0.0049955993121011677 0.00032131074106711571 -0.00090866316392332021 0.0019587261915850621 0.010800785666027369  -0.0062404521279162866 0.001202376196306503 -0.0077159015843240135 0.0010089994138149018 0.017949192944395443  0.0016861996932713555 -0.0011675925151388375 -0.0049979826699842068 -0.0045390828793499876 0.011934161123927825  
shrinkage=0.04


Tree=21
num_leaves=16
num_cat=0
split_feature=2 73 26 4 73 55 9 1 0 48 73 40 67 9 27
split_gain=728464 86260.3 17378.4 6410.94 4775.24 2368.35 1741.22 1263.39 572.969 183.905 153.147 106.661 105.005 78.8135 70.3657
threshold=385.39024000000006 65.91741855347378 403.52540500000003 32.048050000000011 115.45715715138813 70.797055000000015 119.68046000000002 11.260875 58.802600000000005 5.0779350000000028 18.732473463117678 -2.0479499999999979 5.8250399999999951 6.8529550000000006 16.353995000000005
decision_type=2 2 2 2 2 2 2 2 2 2 2 2 2 2 2
left_child=1 3 4 7 6 -6 -3 13 11 -10 14 -5 -12 -1 -9
right_child=-2 2 -4 8 5 -7 -8 10 9 -11 12 -13 -14 -15 -16
leaf_value=-0.72341666037426533 10.130826707444752 0.61670822353263166 2.4855104889740818 -0.34043909308933978 1.4670392457065202 0.66120597027315964 -0.034099871191647986 -0.50807813585419026 0.1748474343932501 -0.066480419045627723 -0.34144026354324714 -0.15230656246147536 -0.50199079843091721 -0.63854602359882129 -0.61084880251726115
leaf_weight=134 10.999999999999998 19.000000000000004 10.999999999999998 10.000000000000002 15.000000000000002 9.9999999999999982 9.9999999999999982 29 10.000000000000002 9.9999999999999982 12.000000000000002 9.9999999999999982 19 31 27
leaf_count=134 11 19 11 10 15 10 10 29 10 10 12 10 19 31 27
internal_value=0 -0.274353 1.04243 -0.567743 0.744347 1.14878 0.392808 -0.642394 -0.0969133 0.0542541 -0.517457 -0.247798 -0.441269 -0.707892 -0.5587
internal_weight=0 357 65 292 54 25 29 252 40 20 87 20 31 165 56
internal_count=368 357 65 292 54 25 29 252 40 20 87 20 31 165 56
is_linear=1
leaf_const=-0.74904715453210302 -2.8391374334646939 -0.015465501118542309 0.0065899587125750276 -0.48916914405899442 1.9380520165009061 0.58668586131930178 -1.8906944007243696 -0.67946138469563278 3.3857332875872097 -0.49332629922911347 -0.29580579898109371 0.18944423559264126 -0.64110447828923056 -0.67074943807981768 -0.6924463550641532
num_features=5 1 4 3 5 4 4 4 5 5 5 5 5 5 5 5
leaf_features=1 2 4 9 73  2  2 9 26 73  2 26 73  0 2 4 40 73  2 26 55 73  2 26 55 73  2 9 26 73  1 2 4 27 73  0 2 4 48 73  0 2 4 48 73  1 2 4 67 73  0 2 4 40 73  1 2 4 67 73  1 2 4 9 73  1 2 4 27 73  
leaf_coeff=-0.00031371923081907843 -0.0046066818109207841 -0.0047882601523099319 0.0029322021646125767 0.017575186576408053  0.017634507364596489  0.0016102200309110963 -0.0018819435282707534 -0.00077793954478647912 0.0090935535358375591  0.0034740642889153866 0.00210488037175979 0.0011095221067251872  -0.0022022500075062285 -0.011011034166719273 -0.0019198292823800437 -0.0020639563122975394 0.019941676718178019  -0.0029881437275724684 -0.0024088061215655548 -0.0046606393657659959 0.0049419864970254692  -0.01298288511188286 0.0050898956638491923 -0.0013722563113222875 0.0091053038968843605  -0.014215845078823357 -0.021938361098565697 0.00063018430130925911 0.059004276195475866  -0.00042101119477361954 -0.0068714374837710339 0.0010264987824659846 -0.0033829903978585926 0.022255789902002481  -0.0078357614909008097 -0.0011341386872370943 0.0022841776611150525 -0.031756915815477814 -0.045700237455735371  0.0025317611199338337 -0.0036398579826510875 0.010069627151274905 0.0049738254536036315 -0.0035814352329467708  0.0009774520528227984 0.00053855086165839345 0.0057418600735837811 0.0087580432598254286 -0.0078682872444557021  -0.0088993811155781196 0.0023643018455800041 0.0015298668277116969 0.0024590706191848005 -0.0053736301339357348  -0.0073961482723597849 -0.0028043361700379513 -0.0031399444922652724 0.0023369109985455503 0.018284726532065004  0.0042451006217389432 0.0028955336490123877 -0.0044791545214552652 -0.0068223187057644017 0.0097758769831017573  0.0019911220168834023 0.0010186137289482035 -0.0011482381641782348 0.00072358276086923476 0.0015811397883453541  
shrinkage=0.04


Tree=22
num_leaves=18
num_cat=0
split_feature=2 73 26 73 73 55 9 0 1 56 38 3 56 0 39 39 9
split_gain=671351 79497.2 16015.5 5908.71 4400.71 2182.48 1604.66 908.05 833.311 305.786 201.94 172.551 140.453 73.0339 65.7278 30.2928 11.3092
threshold=385.39024000000006 65.91741855347378 403.52540500000003 22.728929179990537 115.45715715138813 70.797055000000015 119.68046000000002 56.559540000000005 11.260875 2.5587499999999985 -3.3055100000000013 27.844720000000006 -1.5424099999999974 3.2758000000000007 -6.8702000000000005 1.72841 6.6528900000000011
decision_type=2 2 2 2 2 2 2 2 2 2 2 2 2 2 2 2 2
left_child=1 3 4 8 6 -6 -3 10 13 -9 11 -5 15 -1 -14 -10 -15
right_child=-2 2 -4 7 5 -7 -8 9 12 -11 -12 -13 14 16 -16 -17 -18
leaf_value=-0.70456541851885146 9.725579429832667 0.59203152124794356 2.3860756758956225 -0.3420850277891252 1.4083470563067504 0.63474188238087281 -0.032720039008867628 0.18545346698245485 -0.47524413080498717 -0.11140645783226771 -0.44812933817948458 -0.10539506600634889 -0.65594507500676835 -0.66672221930957587 -0.5257724917595773 -0.35812655401701987 -0.60331146974334204
leaf_weight=101 10.999999999999998 19.000000000000004 10.999999999999998 10.000000000000005 15.000000000000002 9.9999999999999982 9.9999999999999982 11.000000000000002 10.000000000000002 10.999999999999998 9.9999999999999982 9.9999999999999982 9.9999999999999982 35 45 9.9999999999999982 29
leaf_count=101 11 19 11 10 15 10 10 11 10 11 10 10 10 35 45 10 29
internal_value=0 -0.263378 1.00073 -0.545033 0.71457 1.10283 0.37709 -0.157999 -0.628773 0.03701 -0.300786 -0.225052 -0.516197 -0.679575 -0.55066 -0.418957 -0.639038
internal_weight=0 357 65 292 54 25 29 52 240 22 30 20 75 165 55 20 64
internal_count=368 357 65 292 54 25 29 52 240 22 30 20 75 165 55 20 64
is_linear=1
leaf_const=-0.71890007123357369 -2.7255724286053833 -0.014846846970376649 0.0063264478485962183 -0.56682575988106698 1.8605297731083741 0.56321836137803083 -1.8150665473085796 0.11668709332237998 -0.68812627470615562 -1.5021261888900292 -0.058155941887735034 0.43005394535809055 -0.78332226540891514 -0.66765086419968855 -0.59356793550564824 -0.52573705174500007 -0.61701070364364807
num_features=4 1 4 3 5 4 4 4 4 5 4 4 5 5 5 5 5 5
leaf_features=0 1 2 73  2  2 9 26 73  2 26 73  0 2 3 38 73  2 26 55 73  2 26 55 73  2 9 26 73  0 2 56 73  1 2 39 56 73  0 2 56 73  0 2 38 73  0 2 3 38 73  1 2 39 56 73  0 1 2 9 73  1 2 39 56 73  1 2 39 56 73  0 1 2 9 73  
leaf_coeff=0.011682763743831261 0.0050931729300798178 -0.0066656891972176179 0.0010179420713376255  0.016929128014274365  0.0015458111043773839 -0.0018066659849190006 -0.00074682203562546087 0.0087298114659972743  0.0033351023700098643 0.0020206842313121249 0.0010651422938591296  -0.005624132449762201 0.010989544879688687 0.014680535993833604 -0.0013712826896068856 -0.007398032841863157  -0.0028686180903232457 -0.0023124538840196434 -0.0044742135909701915 0.004744308115639485  -0.01246357001163536 0.0048862997868957345 -0.0013173661788232001 0.0087410926439475053  -0.013647211680024756 -0.021060825990574447 0.00060497684450834153 0.0566441040329815  0.0024755374178080918 -0.0060096389629091728 0.0025867572159135495 0.0051213399344234752  0.0089480005703754285 -0.022114004489687179 -0.016085358952576602 0.018992111871448291 0.02848059299463444  0.024367669280768216 0.0031511777063791429 -0.016587631444642387 -0.005149507578197118  0.0019054352471228602 -0.0010035462049370416 0.0018185873119540878 -0.011356981674225291  0.0069938174588278926 0.028639171187045089 -0.018323819989156116 0.0046674644722420671 -0.028472615625134243  0.018472791123154197 -0.010003173467273713 -0.020522542649413115 0.018678319957342569 -0.031003783538467767  -0.010700519452590955 -0.0059953180603013944 -0.0042279540767094668 8.8833492793867231e-05 0.02252799152546402  -0.0039063850605737128 -0.0041286932167312615 0.0011612407089364397 -0.00049750368084184877 0.013330729339080138  0.028906978247773166 -0.027457818062081078 0.0051092457726579716 -0.0026457116174153587 0.0031281818294283431  0.0079282822992053081 -0.0011321127821301504 0.00040026649929436392 -0.0020674064683184673 -0.0027949620661837575  
shrinkage=0.04


Tree=23
num_leaves=17
num_cat=0
split_feature=8 73 26 4 73 55 9 1 0 48 73 67 40 0 21 9
split_gain=618871 73244.7 14737.9 5445.67 4055.55 2011.2 1478.8 1072.7 486.217 159.063 131.437 91.7536 90.2331 67.1806 64.5527 10.3014
threshold=442.60068500000006 65.91741855347378 403.52540500000003 32.048050000000011 115.45715715138813 70.797055000000015 119.68046000000002 11.260875 58.802600000000005 5.0779350000000028 18.732473463117678 5.8250399999999951 -2.0479499999999979 3.2758000000000007 24.674245000000003 6.6528900000000011
decision_type=2 2 2 2 2 2 2 2 2 2 2 2 2 2 2 2
left_child=1 3 4 7 6 -6 -3 13 12 -10 14 -12 -5 -1 -9 -15
right_child=-2 2 -4 8 5 -7 -8 10 9 -11 11 -13 -14 15 -16 -17
leaf_value=-0.67638121902058335 9.3377124765756996 0.56834188323214407 2.2894473046655057 -0.31351719384146204 1.3520025932867796 0.60933636660623092 -0.031395392465119326 -0.48855175563267306 0.16212156229680125 -0.062303340647480297 -0.31309796215088903 -0.46302386658353961 -0.14038373371162038 -0.64004876595956317 -0.60729806253732743 -0.57917351136092876
leaf_weight=101 10.999999999999998 19.000000000000004 10.999999999999998 10.000000000000002 15.000000000000002 9.9999999999999982 9.9999999999999982 44 10.000000000000002 9.9999999999999982 12.000000000000002 19 9.9999999999999982 35 11.999999999999998 29
leaf_count=101 11 19 11 10 15 10 10 44 10 10 12 19 10 35 12 29
internal_value=0 -0.252879 0.960501 -0.523231 0.685985 1.05871 0.362001 -0.592033 -0.0892827 0.0499584 -0.476896 -0.40631 -0.228279 -0.652391 -0.515106 -0.613474
internal_weight=0 357 65 292 54 25 29 252 40 20 87 31 20 165 56 64
internal_count=368 357 65 292 54 25 29 252 40 20 87 31 20 165 56 64
is_linear=1
leaf_const=-0.68874493302287831 -3.3057973633618718 -0.38248491896856657 -1.0183471186499993 -0.2515370018733768 1.5232385806371533 0.88825303243254461 8.5273830030088185 -0.66075107401081834 3.8463623769378326 -0.35658976482732219 -0.27467459984120757 -0.58954523120670743 0.13877158523016991 -0.62257037861953235 -0.5256827996768153 -0.5595571679783371
num_features=5 1 4 3 5 4 4 4 5 5 5 5 5 5 6 5 6
leaf_features=0 1 4 8 73  8  8 9 26 73  8 26 73  0 4 8 40 73  8 26 55 73  8 26 55 73  8 9 26 73  1 4 8 21 73  0 4 8 48 73  0 4 8 48 73  1 4 8 67 73  1 4 8 67 73  0 4 8 40 73  0 1 4 8 9 73  1 4 8 21 73  0 1 4 8 9 73  
leaf_coeff=0.0032355037326136944 -0.0046534592333490297 0.00068166422205229627 -0.0055637914049837369 0.017884641815402776  0.019199277834156512  -0.006792818084255769 -0.0023496473139835144 -0.00053507977902566965 0.022679702050379728  -0.024845065660939167 0.0052219941374302449 0.02920570450674298  0.0036378682910295276 -0.0074574868807586563 0.0086124087963154686 -0.0060296869061615167 -0.010020103780284943  0.0077977411246134502 -0.0028847421437922988 -0.0067946319855305163 -0.0047676107395452413  -0.0040528725316800523 0.003678086726226582 0.0023942882694879589 -0.0037645906924883839  0.0048111096716289044 -0.057420034800870226 0.0016784470660930859 -0.01825816926703425  0.00038339684938515367 0.0021430347782462403 -0.010705608606073017 -0.0074711546301712076 0.03035882870438926  -0.010620272235965447 0.00013030463456800592 0.002719910707037912 -0.027220374500039425 -0.051410347829905459  -0.00032129496206390946 0.0078434295687961758 0.0012751105676985922 0.0040827856772798175 -0.005536140981048516  0.0014374486110817933 0.007710450247522759 0.0022203456537258819 0.0097888324559006548 -0.01163679240662532  -0.0046295016051497492 -0.00032607567936697283 -0.00077228788707284235 0.0017826441360125726 0.0099726575128442387  -0.005801114263881778 0.0083122879737104697 -0.0045607254557664609 0.0037803679390859919 -0.0087164062868848209  -0.01207865375829144 -0.0041817903838123633 -0.0014803179678299142 -0.0083463655051554762 -0.008255262999620927 0.033978188406759355  -0.00069433586100686295 -0.018643960211600759 -0.0037448132211409307 -0.0037705271090337084 0.021103658462145635  0.0042150457539490566 -0.0069903648696973174 -0.001701637874040856 -0.0038105518076308759 -0.0022461070304686365 0.010397413772244806  
shrinkage=0.04


Tree=24
num_leaves=18
num_cat=0
split_feature=2 73 26 73 73 55 18 0 1 56 38 3 56 0 39 17 9
split_gain=573368 67121.1 13167.5 5020.39 3737.45 1853.35 1401.46 773.321 707.102 267.26 174.585 151.72 122.366 61.8012 57.1724 36.4868 12.0986
threshold=385.39024000000006 65.91741855347378 403.52540500000003 22.728929179990537 115.45715715138813 70.797055000000015 123.02968500000001 56.559540000000005 11.260875 2.5587499999999985 -3.3055100000000013 27.844720000000006 -1.5424099999999974 2.7248850000000004 -6.8702000000000005 17.280875000000005 6.6528900000000011
decision_type=2 2 2 2 2 2 2 2 2 2 2 2 2 2 2 2 2
left_child=1 3 4 8 6 -6 -3 10 13 -9 11 -5 15 -1 -14 -10 -15
right_child=-2 2 -4 7 5 -7 -8 9 12 -11 -12 -13 14 16 -16 -17 -18
leaf_value=-0.65084745202674854 8.9877897877736164 0.5639207316235284 2.1742548088554869 -0.31661494566662463 1.2979118862531041 0.58494708429468756 -0.0081313646376669959 0.17319818115449162 -0.32156396204882326 -0.10432618295824207 -0.41430859669600395 -0.094716247804094086 -0.60597363613619681 -0.61514160403586993 -0.48474092665374152 -0.44440108724159777 -0.55600107514161834
leaf_weight=96 10.999999999999998 18.000000000000004 10.999999999999998 10.000000000000005 15.000000000000002 9.9999999999999982 10.999999999999998 11.000000000000002 10.000000000000002 10.999999999999998 9.9999999999999982 9.9999999999999982 9.9999999999999982 40 45 9.9999999999999982 29
leaf_count=96 11 18 11 10 15 10 11 11 10 11 10 10 10 40 45 10 29
internal_value=0 -0.243497 0.918055 -0.502301 0.658542 1.01635 0.347516 -0.145537 -0.57949 0.0344108 -0.277308 -0.206888 -0.475771 -0.626295 -0.507916 -0.385087 -0.591184
internal_weight=0 357 65 292 54 25 29 52 240 22 30 20 75 165 55 20 69
internal_count=368 357 65 292 54 25 29 52 240 22 30 20 75 165 55 20 69
is_linear=1
leaf_const=-0.66160515279233512 -2.5086205552294092 0.048494636632767658 0.092682502176576254 -0.52721986384065544 1.7168227012514583 0.49254862412366957 -0.26158633971105522 0.1204608137647165 -0.65104457556506312 -1.3818938667046499 -0.041090487093222244 0.43655569338956191 -0.72306771909346268 -0.62451291168363254 -0.54597948004751073 -0.21322247899675861 -0.56863483566555728
num_features=4 1 4 3 5 4 4 4 4 5 4 4 5 5 5 5 5 5
leaf_features=0 1 2 73  2  2 18 26 73  2 26 73  0 2 3 38 73  2 26 55 73  2 26 55 73  2 18 26 73  0 2 56 73  1 2 17 56 73  0 2 56 73  0 2 38 73  0 2 3 38 73  1 2 39 56 73  0 1 2 9 73  1 2 39 56 73  1 2 17 56 73  0 1 2 9 73  
leaf_coeff=0.0084910358674628143 0.0048491205327662722 -0.005509756550301362 0.00086884421746916032  0.015631155201799293  0.0033903691573988455 0.0020476423570847404 0.0045403858442031814 -0.0059703902937645612  0.003362626685826538 0.0018581379377243428 0.00026390250309150438  -0.0054570868335900623 0.010207724137265853 0.014303811891180802 -0.001129794157785118 -0.0069548923703597167  -0.0027669528243785685 -0.0021189958690894443 -0.004093585100165705 0.0044767010244665794  -0.011908824235968053 0.0045894826601098077 -0.0012183886213547749 0.0085898522475816828  -0.0011554171755806912 0.00085886820018485702 0.0033428290489397844 -0.0038302607868081658  0.002202642928539405 -0.0054740176269730302 0.0024022797510460173 0.0045832697334411429  0.014692396223622931 -0.033111713622656046 -0.035161285882640718 0.0021264802793103856 0.055945671333662697  0.022714249834849418 0.0029341664730634692 -0.015616786131837571 -0.0051073725266170917  0.0014789909992555298 -0.0009839684782485304 0.0017247805033865674 -0.010514009982500705  0.0079620163774447774 0.02761746325628409 -0.018077970261709955 0.0037607385948819436 -0.028797642343956945  0.017589158421049054 -0.0092926936265143936 -0.018523340409387575 0.017526375788389077 -0.029142463855408862  -0.0097152018248956307 -0.0058321449279581487 -0.005187234228295169 -0.00056482538729753185 0.024616143283924152  -0.0036536013739691961 -0.0038897891453427221 0.00094573191346237118 -0.00047075750789836955 0.012355742756756884  0.0028013636486905295 -0.009804613294686286 -0.0090441934793142678 -0.0013527798290499684 0.0069832807514373495  0.0073094913047325799 -0.0010390812166016874 0.00035847270659677304 -0.0019039395003343177 -0.0025735071559624604  
shrinkage=0.04


Tree=25
num_leaves=16
num_cat=0
split_feature=3 3 73 73 43 73 56 68 51 0 73 42 21 19 13
split_gain=389776 82494.5 17022.6 5022.59 2401.19 1200.3 1181.26 1123.45 504.813 435.771 181.469 97.569 57.9245 46.4288 18.5521
threshold=262.40077500000001 65.813225000000017 209.32640195333215 32.882727009609518 10.773145000000007 15.924635946741008 2.1406600000000005 -3.8968899999999986 -6.8660000000000005 62.536270000000009 8.2424097584148903 -9.8277699999999992 22.393345000000004 15.486490000000002 2.0648300000000002
decision_type=2 2 2 2 2 2 2 2 2 2 2 2 2 2 2
left_child=1 3 4 5 -3 10 9 -6 -8 -5 14 -7 -13 -12 -1
right_child=-2 2 -4 6 7 11 8 -9 -10 -11 13 12 -14 -15 -16
leaf_value=-0.62782919284516747 7.7390429747930867 0.49145637484321825 2.6290825178816517 -0.097666490762540581 1.4198262821231875 -0.48365762696011388 -0.49070526810379711 0.86242256065632439 -0.12771919338415705 0.24660469613176716 -0.48161387334471228 -0.30542332091272129 -0.39915323128263319 -0.57580746055307963 -0.58478012257663636
leaf_weight=79 9.9999999999999982 17 10.999999999999998 10.000000000000002 11 12.999999999999998 11.000000000000002 14 13.999999999999998 13.999999999999998 34 24 25 18 75
leaf_count=79 10 17 11 10 11 13 11 14 14 14 34 24 25 18 75
internal_value=0 -0.225358 1.23388 -0.469656 0.862996 -0.53772 -0.0969649 1.11252 -0.288911 0.103182 -0.584354 -0.382019 -0.354042 -0.515339 -0.607283
internal_weight=0 370 53 317 42 268 49 25 25 24 206 62 49 52 154
internal_count=380 370 53 317 42 268 49 25 25 24 206 62 49 52 154
is_linear=1
leaf_const=-0.63924183189963302 -1.4919861485402228 0.34213320007386305 5.6960396784811396 -0.43947586361950708 0.17763931509281977 -0.55632148616368349 0.046552587666592454 -1.0754054342849397 -0.78291857340349524 -0.57378441093744648 -0.67334480818917897 -0.32939157729307234 -0.66155381011787784 -0.55275581159651221 -0.62145778002025753
num_features=3 1 3 2 4 4 3 4 4 4 4 3 4 4 3 3
leaf_features=3 13 73  3  3 43 73  3 73  0 3 56 73  3 43 68 73  3 42 73  3 51 56 73  3 43 68 73  3 51 56 73  0 3 56 73  3 19 73  3 21 42 73  3 21 42 73  3 19 73  3 13 73  
leaf_coeff=-0.0040497922255123709 0.01151884218950187 0.0032252777015688854  0.019483245802228082  -0.0018070891946690541 -0.0059750526115590766 0.0022100031219791389  0.0030471491914665456 -0.012153087013377582  -0.0010700346109922389 0.010899615545212982 0.0080156507347433972 0.0040127026342135679  0.0007815465148983948 -0.024469889573988445 0.0087633754819615838 0.015881867689064039  0.013965921480029888 0.0041862926239983897 -0.0030526525512263453  0.0018867062254618542 0.00014452420815398441 0.00082157481146496471 -0.011247896877186329  0.011510009495697492 0.014205623996288852 -0.010355250741719378 0.0032724418263501594  -0.0076713693280418211 0.0042162780517618964 -0.0025715011090100444 0.020057988449988174  -0.00058105774277587244 0.0050645302319315289 -0.008021774254978898 0.0086228933568077183  -0.0019748508286135374 -0.0015842721975737821 0.02006477972508677  0.004296880306931713 -0.0012531359729027261 -0.0031025547491466163 -0.0010254956305911381  -0.010264281841902874 -0.0015870220986513675 -0.0026029308154858913 0.023135436409184112  -0.0071057229678790192 -0.0024747159096656906 0.0082607094293703671  -0.004485691334722831 0.00039899138145906406 0.011221754140726008  
shrinkage=0.04


Tree=26
num_leaves=17
num_cat=0
split_feature=2 3 2 1 43 73 58 25 14 2 2 26 30 39 50 1
split_gain=361966 60771.7 9478.82 4660.71 1645.88 853.968 852.45 1146.21 473.061 175.258 169.908 101.964 56.8045 32.6061 27.265 17.0616
threshold=355.45284000000004 65.813225000000017 201.18386500000003 31.037575000000004 18.067565000000005 15.924635946741008 -27.230259999999991 80.403300000000016 108.74566000000002 8.3079200000000011 39.449045000000005 23.690135000000001 29.752770000000002 1.2195099999999999 0.25694999999999962 4.6194650000000008
decision_type=2 2 2 2 2 2 2 2 2 2 2 2 2 2 2 2
left_child=1 3 4 5 8 9 -5 10 -3 15 -8 13 -13 -7 -11 -1
right_child=-2 2 -4 6 -6 11 7 -9 -10 14 -12 12 -14 -15 -16 -17
leaf_value=-0.59534559659679642 6.5202443112671844 0.67559026359331487 2.0252704191601971 -0.4457773617581206 1.0129666081317881 -0.46419562175011758 -0.29572321914092836 0.18428862973657581 0.28163426663615926 -0.44078181019145485 -0.097598659553803702 -0.3731526284966587 -0.23977760632832851 -0.35839627105410748 -0.51909214999380437 -0.54898240947949917
leaf_weight=113 12.999999999999998 10.000000000000002 11.999999999999998 10.999999999999998 18 19.000000000000004 17.000000000000004 19 9.9999999999999982 18 11.999999999999998 12.000000000000002 10.999999999999998 9.9999999999999982 33 42
leaf_count=113 13 10 12 11 18 19 17 19 10 18 12 12 11 10 33 42
internal_value=0 -0.24638 1.04831 -0.450869 0.735188 -0.524202 -0.12978 -0.0565052 0.481192 -0.560979 -0.214495 -0.377632 -0.310852 -0.429208 -0.492448 -0.583171
internal_weight=0 367 50 317 38 258 59 48 20 206 29 52 23 29 51 155
internal_count=380 367 50 317 38 258 59 48 20 206 29 52 23 29 51 155
is_linear=1
leaf_const=-0.60906080060053469 -2.2367492259186843 -0.3420021774226189 2.9418554966796004 -0.22678801718645678 1.4096192401411374 -0.58506858552298135 -0.056287031851970835 -0.1430874684011201 0.57034544020430877 -0.53796079188321311 0.19707732122727525 0.21388721300721958 0.32420927415883405 -0.24848133725130542 -0.47135325882839435 -0.53581590608405472
num_features=4 1 4 2 4 3 6 5 5 4 5 5 6 6 6 5 4
leaf_features=1 2 3 73  2  2 3 14 43  2 3  1 2 3 58  2 3 43  1 2 3 26 39 73  1 2 3 25 58  1 2 3 25 58  2 3 14 43  1 2 3 50 73  1 2 3 25 58  1 2 3 26 30 73  1 2 3 26 30 73  1 2 3 26 39 73  1 2 3 50 73  1 2 3 73  
leaf_coeff=0.012887750360238644 -0.0045683650226941283 -0.0054042219778703791 0.0049662931320251158  0.014451293223401208  0.0046561037650393019 -0.0032584794107635424 0.0087570010928489078 -0.0093650235522017879  0.0024168891371743944 -0.0081299058796658503  -0.016196084778895083 0.0083388018360382177 0.0046321047565977226 -0.0051279043962977168  0.00038855379766267189 -0.0038602698318068113 -0.0011299720650079694  0.0039837976311341812 -0.0012637125250788376 -0.00094643891640068057 0.0038113800786593551 0.0036830332915656081 0.0012037605244167794  0.0017957944430932219 -0.0030165834400968099 -0.006308920301640911 -0.0012895552975076276 0.00040690536888398309  0.0074858191969525692 0.0015097925880232757 -0.0036485940086232746 -0.00010849866758189111 0.006585523043734106  -0.0012232190480563879 -0.00075559841652441241 -0.0002313834059473075 0.0027663373319855673  -0.0072788050816901886 -0.0014196018291256964 0.002922036233895114 -0.0065792702734741946 0.012685839913959572  -0.0079586305997160454 0.0058303048221727679 -0.00076608002666046489 -0.00053609047603659038 0.018850476674899776  -0.004370118281337626 -0.00093462360906396938 -0.0049052915781295434 -0.0045183514340395459 -0.0056205116723265659 -0.0067815360390034145  -0.0086262680610503413 0.0055161346139179033 -0.0022002088399577253 -0.0020111951113394094 -0.0063782920765149253 -0.0066338391505016249  0.0018754317840006965 -0.002627012836782257 -9.0549498410013053e-05 -0.005417446637169975 -0.00037620974779144949 -0.00018758785235178271  -0.001536472254845507 0.0021433477462313635 5.9596634857719275e-05 -0.0019027010021459749 -0.0045993965396388609  -0.0072623813386199403 -0.012581316960365714 -0.0086238314086482526 0.02569522512496621  
shrinkage=0.04


Tree=27
num_leaves=15
num_cat=0
split_feature=8 73 65 73 47 73 68 12 1 56 1 53 50 0
split_gain=330107 67611.6 11384.1 9908.28 2147 1917.8 1410.2 1150.06 249.091 162.679 161.391 77.5072 34.9433 16.7278
threshold=442.60068500000006 104.28581852851867 50.41332000000002 48.693193494765026 -12.982309999999996 15.924635946741008 19.533584999999992 80.07386000000001 36.963165000000011 0.82600499999999999 8.6893650000000022 5.3624150000000013 0.33909499999999998 2.7248850000000004
decision_type=2 2 2 2 2 2 2 2 2 2 2 2 2 2
left_child=1 3 4 5 -3 10 7 -5 11 -10 13 -7 -12 -1
right_child=-2 2 -4 6 -6 8 -8 -9 9 -11 12 -13 -14 -15
leaf_value=-0.57452511411038654 7.1220681007309734 0.48063055382118575 2.4046881207552828 0.15655768619561045 1.2229688187150767 -0.31126018233576641 -0.11693771665459439 0.70349195461462055 -0.093149344870274153 -0.31279534217154636 -0.42682740811309133 -0.40610136109524547 -0.50657436996410898 -0.53184521827038789
leaf_weight=101 9.9999999999999982 11 11.999999999999998 16.000000000000004 15 36 14.999999999999998 9.9999999999999982 12.000000000000002 9.9999999999999982 22 27 31 52
leaf_count=101 10 11 12 16 15 36 15 10 12 10 22 27 31 52
internal_value=0 -0.20741 1.38862 -0.390464 0.912101 -0.472474 0.191243 0.36896 -0.31187 -0.194133 -0.538539 -0.352549 -0.474413 -0.560403
internal_weight=0 370 38 332 26 291 41 26 85 22 206 63 53 153
internal_count=380 370 38 332 26 291 41 26 85 22 206 63 53 153
is_linear=1
leaf_const=-0.58636470547386987 -4.3419433696018643 -0.11121426761853742 -1.3404631056898326 -0.3950264918898666 0.057648373325187102 -0.39403965842834177 0.25400972176933101 -2.8759187613443835 -0.44138658851971579 -0.57569733234310672 -0.47998006999801202 -0.44440089338773087 -0.47873372485965671 -0.55388510473378694
num_features=4 1 4 3 4 4 4 3 4 4 4 4 4 4 4
leaf_features=0 1 8 73  8  8 47 65 73  8 65 73  8 12 68 73  8 47 65 73  1 8 53 73  8 68 73  8 12 68 73  1 8 56 73  1 8 56 73  1 8 50 73  1 8 53 73  1 8 50 73  0 1 8 73  
leaf_coeff=-0.00061061661312379568 0.0014774278525407072 -0.0039386840554077023 0.013451376233499455  0.01724460286166709  -0.0025094894493963697 -0.0083805238608700722 0.013546499822646186 0.00558713134262241  0.018052025438195066 0.0037921119875544925 -0.0059393108868144055  -0.0017236811535971377 -0.0083276272844520008 -0.0052121399635736594 0.017379356034419938  0.0064121885585901803 -0.0053299575724969741 0.0037827813077574396 0.0022861953436731858  -0.0022834217458029831 -0.0062507773829818458 -0.00085117011977573062 0.013421010849806339  -0.0039635615692611131 0.0028299722104567311 -0.0015282577088028852  -0.0031895561136539869 0.026795549678212471 0.00022018307676890286 0.015472127330961672  -0.00096230694051291387 -0.0023165335971239024 0.005359326012772875 0.015656882096433213  0.0033532389052096795 -0.0044356721563044493 0.001928828630290367 0.006991637712350781  -0.0052606698497939426 0.0074543609149193574 0.0022615034470278065 0.0022543618428868943  0.0020666550065256487 -0.0032579319879331788 0.00034627081171651147 0.0032767345709988766  -0.0052390538808891676 -0.0048505381753012533 -0.0059122455623371387 0.011951388295515673  -0.010203426366676888 -0.0031767502914488693 -0.0065115941966284044 0.026318818903576405  
shrinkage=0.04


Tree=28
num_leaves=17
num_cat=0
split_feature=3 3 36 1 51 46 58 25 73 33 2 26 30 42 50 1
split_gain=309583 63862 13645.7 3939.59 1871.98 1325.57 764.979 986.194 724.413 155.081 149.481 93.4205 52.705 26.5765 22.6691 14.2514
threshold=262.40077500000001 65.813225000000017 -55.831754999999987 31.037575000000004 3.9371050000000012 -25.516079999999995 -27.230259999999991 80.403300000000016 15.924635946741008 35.315445000000004 8.3079200000000011 23.690135000000001 29.752770000000002 -4.6489350000000007 0.25694999999999962 4.6194650000000008
decision_type=2 2 2 2 2 2 2 2 2 2 2 2 2 2 2 2
left_child=1 3 -3 8 5 -4 -5 9 10 -8 15 13 -13 -10 -12 -1
right_child=-2 2 4 6 -6 -7 7 -9 11 -11 14 12 -14 -15 -16 -17
leaf_value=-0.54871216069903672 6.8972203033749446 2.3322505767066204 0.82897756403142786 -0.4198259247101106 1.0753869575924344 0.24395458832951905 -0.068655351459389849 0.17227268042988803 -0.45442380784868114 -0.26457884379862495 -0.40625754066593744 -0.34416068021916157 -0.21629946605579278 -0.35993888054104806 -0.47812403007576482 -0.50599957500104387
leaf_weight=113 9.9999999999999982 10.999999999999998 11.999999999999998 10.999999999999998 17 13.000000000000002 10.000000000000002 19 11.000000000000002 19 18 12.000000000000002 10.999999999999998 18 33 42
leaf_count=113 10 11 12 11 17 13 10 19 11 19 18 12 11 18 33 42
internal_value=0 -0.200752 1.08316 -0.415698 0.751153 0.527109 -0.120483 -0.05107 -0.48312 -0.197625 -0.516997 -0.348105 -0.284384 -0.397354 -0.453682 -0.537498
internal_weight=0 370 53 317 42 25 59 48 258 29 206 52 23 29 51 155
internal_count=380 370 53 317 42 25 59 48 258 29 206 52 23 29 51 155
is_linear=1
leaf_const=-0.56112800604940882 -1.2507453162297226 -1.1121511236586186 0.0065016126277942033 -0.14241739079557195 1.0335870197242323 1.50074531608662 -0.14082034409473695 -0.094506947209270054 0.037975248734173885 -0.35388480010242807 -0.49731692818829298 0.2245194774741231 0.28546212185198788 -0.4333657028606559 -0.43268425976384273 -0.4916243772186068
num_features=4 1 2 4 3 3 4 5 4 5 5 5 5 5 5 5 4
leaf_features=1 2 3 73  3  3 36  3 36 46 51  1 3 58  3 36 51  3 36 46 51  1 3 25 33 58  1 3 25 58  1 3 26 42 73  1 3 25 33 58  1 2 3 50 73  1 3 26 30 73  1 3 26 30 73  1 3 26 42 73  1 2 3 50 73  1 2 3 73  
leaf_coeff=0.011979305247655463 -0.0044790076480840397 -0.0050565736342301909 0.0046766191731930475  0.017198787851185313  0.021379354448806401 -0.0034552678020334689  0.011003180781713058 0.0054478643171135856 3.6426811195795499e-05 0.011163153058515968  -0.011275388555361318 0.0097835488447787899 -0.0026022429957710718  0.0026515977912167006 0.010183044748794258 -0.010727500636144296  -0.014555106087033733 0.0043963259243852302 0.0085863014018481565 -0.0070357727940972342  -0.0034810786652703703 0.0085717662171518709 0.0031696816739311766 -0.0045813747830464107 0.0091275009795039053  0.0072766408430448353 -0.0026990391453496094 -0.00019185686454282539 0.0060923741572021881  1.8507650820822623e-05 -0.022460313952333454 0.0040830137147536945 0.012288633015755723 -0.0072476292171791117  0.0041354599035653651 0.0036968605957533826 -0.0012156080882301803 -0.0023183910439312965 -0.0012484542539136449  -0.0068575511086697476 -0.0012281273686667762 0.0026439426572814999 -0.0060046107214171956 0.011941049822202532  -0.0052823137150086559 -0.0056985770865358113 -0.0046021547231961798 -0.0042819691938483836 -0.0067757265074041596  -0.010947963877581658 -0.0032108499943231555 -0.0023066746503808623 -0.0024452939445272297 -0.00068414595053069923  0.0025679396289813999 -0.0019072845021415046 -0.0020568445827866813 -0.0010182289144088942 0.0046142339303652247  -0.0013600107387058593 0.0020439405646150281 8.8230044764756613e-05 -0.0016941752509924517 -0.0045641616768701005  -0.0068794643482248943 -0.012053719500813574 -0.0083522589531370185 0.024294587304481367  
shrinkage=0.04


Tree=29
num_leaves=17
num_cat=0
split_feature=2 3 2 1 47 8 58 25 73 33 1 26 30 15 39 0
split_gain=285627 47220.6 7245.23 3630.69 1505.46 1356.4 704.938 908.815 667.546 142.897 138.368 86.0323 48.5199 32.3053 28.0744 13.6758
threshold=355.45284000000004 65.813225000000017 201.18386500000003 31.037575000000004 -12.982309999999996 118.09835500000001 -27.230259999999991 80.403300000000016 15.924635946741008 35.315445000000004 8.6893650000000022 23.690135000000001 29.752770000000002 19.489085000000006 1.2195099999999999 2.7248850000000004
decision_type=2 2 2 2 2 2 2 2 2 2 2 2 2 2 2 2
left_child=1 3 4 8 -3 -6 -5 9 10 -8 15 14 -13 -12 -10 -1
right_child=-2 2 -4 6 5 -7 7 -9 11 -11 13 12 -14 -15 -16 -17
leaf_value=-0.52950976242533321 5.7920654308522943 0.31533890081635613 1.7766203065352009 -0.40301848196768553 0.47707131602976577 1.0950479653541079 -0.065893298304907144 0.16537339923269465 -0.4136431377470805 -0.25398731461370183 -0.41795544449525202 -0.33038103844508654 -0.20763307356619623 -0.51320286892428268 -0.3164093221532237 -0.49036746722494118
leaf_weight=101 12.999999999999998 13.999999999999998 11.999999999999998 10.999999999999998 10.000000000000002 13.999999999999998 10.000000000000002 19 19.000000000000004 19 43 12.000000000000002 10.999999999999998 9.9999999999999982 9.9999999999999982 52
leaf_count=101 13 14 12 11 10 14 10 19 19 19 43 12 11 10 10 52
internal_value=0 -0.218815 0.922435 -0.39907 0.648632 0.840772 -0.115661 -0.0490239 -0.463795 -0.189714 -0.496316 -0.334178 -0.273002 -0.436935 -0.381454 -0.516562
internal_weight=0 367 50 317 38 24 59 48 258 29 206 52 23 53 29 153
internal_count=380 367 50 317 38 24 59 48 258 29 206 52 23 53 29 153
is_linear=1
leaf_const=-0.53904207689752992 -1.9432310209990469 -0.28393504740608255 2.8651560179806079 -0.19847244557115348 0.25612750911864174 0.90249190253343858 -0.1327195859586911 -0.12202010037524362 -0.52190279099622339 -0.34631738589265643 -0.47377735305395741 0.20763147343629501 0.31819804972368737 -0.38240589773763539 -0.20556543385905574 -0.49602918011057806
num_features=5 1 3 2 4 4 4 6 5 6 6 5 6 6 5 6 5
leaf_features=0 1 2 3 73  2  2 3 47  2 3  1 2 3 58  2 3 8 47  2 3 8 47  1 2 3 25 33 58  1 2 3 25 58  1 2 3 26 39 73  1 2 3 25 33 58  1 2 3 15 73  1 2 3 26 30 73  1 2 3 26 30 73  1 2 3 15 73  1 2 3 26 39 73  0 1 2 3 73  
leaf_coeff=0.0030770061328172465 0.0092044879592408091 -0.0050950786480233757 -0.0041340922438058677 0.003780147299155275  0.012765699825823316  -0.0037280089318958171 0.0052303780426823472 -0.0105958826583281  0.0010955679977482904 -0.0072216600560715367  -0.015167962856757857 0.0081803099619398995 0.0037205279231511943 -0.004878725197452455  0.00075833263321916549 -0.0016799203523513743 0.004698637411599621 -0.0094453040711703923  -0.0033146764014752614 -0.0070330264985370063 0.0087651545340578021 -0.00098842567557127863  -0.0037011085581225398 0.0046893680479142014 0.0040771284627850041 0.0021897799816935127 -0.004862923618784004 0.009097574406174631  0.0068206732255149472 0.0015247677706166666 -0.0035105434212427786 -0.00014712150707177243 0.0064296034294105495  0.0034770379669281943 -0.0012469479039338084 -0.0011226400278537343 0.0034602157675577422 0.0033285608388523265 0.0014652776827732341  0.0012043148969877262 0.0041742483166823828 0.001622429247786439 -0.00025445387453581608 -0.002600043380147206 -0.00081602378773011587  -0.0097322226946354121 -0.0046743565037299564 0.0060831481146262434 -0.0019343419297659994 0.018076025177472314  -0.0042792083510427414 -0.00097254583207540457 -0.0047725828527037002 -0.0041063669276449853 -0.0047551310370174266 -0.0061203379666346803  -0.008034779034715599 0.0053092338969604582 -0.0020752344745697121 -0.0017623970113244162 -0.005926167680949385 -0.0065997256555164986  0.0014459002422550784 0.016161125379333872 -0.0065334532172725817 -0.0029205199514188967 -0.019538594917241459  0.0013662592088915918 -0.00246697322586698 -7.4414001906859554e-05 -0.0051208293542462976 -0.0002814353516649249 -0.00010233925563994718  -0.0077576450563783808 0.0044884173464168247 0.0026578972726443344 -0.013618327753205544 0.011911020205439516  
shrinkage=0.04


Tree=30
num_leaves=14
num_cat=0
split_feature=24 73 20 4 31 73 67 1 73 28 73 39 1
split_gain=347065 60650.8 15342.7 8263.62 2328.44 1569.04 1370.84 1501.56 805.095 208.946 175.831 113.437 26.605
threshold=557.8536600000001 104.28581852851867 321.24939000000006 34.725625000000008 201.223015 131.10306603576319 10.712960000000004 87.719700000000003 10.35284344916847 65.365955000000014 31.79533945653737 -6.8702000000000005 4.6194650000000008
decision_type=2 2 2 2 2 2 2 2 2 2 2 2 2
left_child=1 3 4 8 5 -3 -5 9 12 -8 11 -10 -1
right_child=-2 2 -4 6 -6 -7 7 -9 10 -11 -12 -13 -14
leaf_value=-0.50722493725683093 7.0149544463286544 0.72698665807742857 2.6536360916288775 -0.23567553378098854 0.34179323224738106 1.4497784733536221 -0.018101161558236649 0.58478777909081847 -0.49164477820868979 0.20486321234467009 -0.18643212646541035 -0.34928467998081314 -0.46294739674713653
leaf_weight=113 10.999999999999998 10.000000000000005 9.9999999999999982 14.999999999999998 9.9999999999999982 9.9999999999999982 20.000000000000004 11.999999999999998 10.999999999999998 9.9999999999999982 9.9999999999999982 81 53
leaf_count=113 11 10 10 15 10 10 20 12 11 10 10 81 53
internal_value=0 -0.164764 1.30302 -0.345772 0.845363 1.094 0.0913926 0.20858 -0.438765 0.0565211 -0.349414 -0.366865 -0.493399
internal_weight=0 365 40 325 30 20 57 42 268 30 102 92 166
internal_count=376 365 40 325 30 20 57 42 268 30 102 92 166
is_linear=1
leaf_const=-0.51920611993756738 -3.9902737948675631 -1.6997123322899281 5.2278965848964081 0.34426267661488064 1.6293420733884707 1.6578176495408847 -0.63575650331655953 0.56434553174249247 -0.69050344363213989 0.49200717385941528 -0.05023876907493105 -0.44377264741038186 -0.5034437651660677
num_features=4 1 4 3 4 4 4 6 5 4 6 3 4 4
leaf_features=1 4 24 73  24  20 24 31 73  20 24 73  4 24 67 73  20 24 31 73  20 24 31 73  1 4 24 28 67 73  1 4 24 67 73  4 24 39 73  1 4 24 28 67 73  4 24 73  4 24 39 73  1 4 24 73  
leaf_coeff=0.0056141901183929133 -0.0025085205842522032 0.00049280705202654936 0.0039326024334687404  0.012821297484192551  -0.016232038511117645 0.005248249115371942 -0.0055189355157151902 0.044083151782702154  -0.0066558728326348276 -0.0052176377704116926 0.0086233981839692418  -0.0078162321558614342 -0.00015989728439421482 0.0085476608962027079 0.00036622870888758824  -0.0066945681086251268 0.0003926027354276807 0.0041076259604743426 -0.0047486162006906887  -0.0030416319567597677 0.00025997374937547952 0.00071335680045038442 0.001917098578788963  -0.011010765410765821 0.0071139531300510378 0.0024091341527568487 0.0034527094607477156 0.00054581072524920963 0.0099016308350168367  0.00067725288446133245 -0.00058403780061049753 -0.0060829592822309944 0.0010085640395455322 0.009283660543746991  -0.0029734523424637875 -0.0021185811798141076 0.018526422963194306 0.028049435640865324  0.0039678396202224072 -0.0068882102916497179 -0.0012176336984363004 -0.0039631409684599602 0.0057899653180695509 0.0032291374187271779  0.019656989416972588 -0.0019898009349903138 -0.017285095276671429  -0.0035348168571211302 -0.0013732568909952518 0.004913124055058421 0.010890675753681196  -0.0078011391311452998 -0.002063457495258643 -0.003453040475879173 0.023638787012566671  
shrinkage=0.04


Tree=31
num_leaves=14
num_cat=0
split_feature=24 73 20 4 31 73 67 1 73 28 73 64 1
split_gain=319854 55895.5 14139.4 7615.72 2145.78 1445.82 1263.3 1383.75 741.898 192.533 162.007 71.6504 24.4276
threshold=557.8536600000001 104.28581852851867 321.24939000000006 34.725625000000008 201.223015 131.10306603576319 10.712960000000004 87.719700000000003 10.35284344916847 65.365955000000014 31.79533945653737 6.7688550000000021 4.6194650000000008
decision_type=2 2 2 2 2 2 2 2 2 2 2 2 2
left_child=1 3 4 8 5 -3 -5 9 12 -8 11 -10 -1
right_child=-2 2 -4 6 -6 -7 7 -9 10 -11 -12 -13 -14
leaf_value=-0.48693452135215931 6.7343418100717916 0.69789135583556505 2.5474748305519035 -0.22623791843060631 0.32810565986255619 1.3917714615623553 -0.017369154306193488 0.56138304213847023 -0.33581780973378283 0.19665284661963436 -0.17895900020504946 -0.44008394308969495 -0.44442648404511131
leaf_weight=113 10.999999999999998 10.000000000000005 9.9999999999999982 14.999999999999998 9.9999999999999982 9.9999999999999982 20.000000000000004 11.999999999999998 78 9.9999999999999982 9.9999999999999982 13.999999999999998 53
leaf_count=113 11 10 10 15 10 10 20 12 78 10 10 14 53
internal_value=0 -0.158173 1.2509 -0.33194 0.811544 1.05023 0.0877341 0.200233 -0.421214 0.0542549 -0.335436 -0.352188 -0.473662
internal_weight=0 365 40 325 30 20 57 42 268 30 102 92 166
internal_count=376 365 40 325 30 20 57 42 268 30 102 92 166
is_linear=1
leaf_const=-0.49843786961609265 -3.8306628755732079 -1.6317237409223528 5.0187808092830535 0.33049218891965304 1.5641684437331653 1.5915049731269759 -0.61032623078427251 0.54177181748159919 -0.44095787637984252 0.47232683522995111 -0.048229236765473624 -0.67413699325737997 -0.48330600466482121
num_features=4 1 4 3 4 4 4 6 5 4 6 3 4 4
leaf_features=1 4 24 73  24  20 24 31 73  20 24 73  4 24 67 73  20 24 31 73  20 24 31 73  1 4 24 28 67 73  1 4 24 67 73  4 24 64 73  1 4 24 28 67 73  4 24 73  4 24 64 73  1 4 24 73  
leaf_coeff=0.0053896229426403878 -0.0024081801329192847 0.00047309388175486699 0.0037752988799067575  0.012308445571054361  -0.015582757226602663 0.005038318810510015 -0.0052981777410612283 0.042319825265356326  -0.0063896380599404914 -0.005008932285327462 0.0082784622983048638  -0.0075035828908446922 -0.00015350132325495872 0.0082057538689031539 0.00035157902486985479  -0.0064267851417849197 0.00037689865913090434 0.0039433206641444505 -0.0045586719233258154  -0.002919966103214558 0.00024957457132611442 0.00068482168527665992 0.0018404146850232021  -0.010570334774390377 0.0068293952798731596 0.0023127687698413233 0.003314601106088852 0.00052397809250268165 0.009505565148212063  0.00065016268159089128 -0.00056067642757848377 -0.0058396404742619814 0.00096822136038286397 0.0089123124640827465  0.0013248606791891162 -0.0007774711146631265 -0.00067846907642596941 0.0055790888551000613  0.003809126473426315 -0.0066126820288196445 -0.0011689281098351679 -0.0038046153809408465 0.0055583668117579919 0.0030999720782160451  0.018870710823227665 -0.0019102088992904956 -0.016593691755539913  -0.011326182078271138 -0.0025116787253354382 -0.0006820168413805307 0.029884635532661012  -0.0074890952447879055 -0.0019809194025447677 -0.0033149190238496926 0.02269323717611052  
shrinkage=0.04


Tree=32
num_leaves=15
num_cat=0
split_feature=3 73 61 4 45 67 1 1 28 73 24 1 73 68
split_gain=296854 51089.8 13827.5 7018.61 2881.05 1164.19 1275.19 687.676 177.407 125.956 103.606 64.0601 9.24246 2.30764
threshold=262.40077500000001 104.28581852851867 84.23978000000001 34.725625000000008 28.448935000000009 10.712960000000004 87.719700000000003 13.878480000000001 65.365955000000014 31.79533945653737 16.601065000000002 5.9379700000000009 9.3848561612067414 -0.63055500000000009
decision_type=2 2 2 2 2 2 2 2 2 2 2 2 2 2
left_child=1 3 4 7 -3 -5 8 11 -7 10 -9 13 -13 -1
right_child=-2 2 -4 5 -6 6 -8 9 -10 -11 -12 12 -14 -15
leaf_value=-0.43653278337721158 6.4875501100866666 0.96296004086930231 2.1512688198468548 -0.21717780637425307 0.086206214829246619 -0.016666430549242009 0.53891449731243557 -0.23296085622369878 0.18877088844186013 -0.17178480068055713 -0.35213477822466283 -0.42798865891691312 -0.37722091080306419 -0.47238817906641717
leaf_weight=29 10.999999999999998 15.000000000000002 14.999999999999998 14.999999999999998 9.9999999999999982 20.000000000000004 11.999999999999998 15.999999999999998 9.9999999999999982 9.9999999999999982 58 32 23 100
leaf_count=29 11 15 15 15 10 20 12 16 10 10 58 32 23 100
internal_value=0 -0.152532 1.1946 -0.318662 0.614159 0.0842219 0.19222 -0.404365 0.0520794 -0.308594 -0.326771 -0.447873 -0.407554 -0.464703
internal_weight=0 365 40 325 25 57 42 268 30 84 74 184 55 129
internal_count=376 365 40 325 25 57 42 268 30 84 74 184 55 129
is_linear=1
leaf_const=-0.47284921763921273 -1.4888683984175899 0.91142861636891348 -0.37011858854101781 0.39100788250983082 1.2342388483126239 -1.1315338365058616 0.43501419429862842 -0.60177709324849515 0.40649801553322967 -0.14136322288944941 -0.51016501066506981 -0.43119421658718249 -0.39086089658137563 -0.47506624799068881
num_features=5 1 4 3 4 4 6 5 5 6 4 5 4 4 5
leaf_features=1 3 4 68 73  3  3 45 61 73  3 61 73  3 4 67 73  3 45 61 73  1 3 4 28 67 73  1 3 4 67 73  1 3 4 24 73  1 3 4 28 67 73  1 3 4 73  1 3 4 24 73  1 3 4 73  1 3 4 73  1 3 4 68 73  
leaf_coeff=-0.007392009627371722 -0.0088844464069219257 -0.014714534489940962 0.0012337561176136093 0.039546124493566315  0.015541999734584738  -0.0010730216025637419 0.0020295489780442827 0.002047722811909041 0.00087372554419994823  0.0094052867080591813 0.00039617461290840882 0.0035972687024134311  0.010617191722822357 -0.015756768628895312 0.0065453691951427532 -0.0024775647234061941  -0.00073731035780872387 0.010209694880298522 -0.0012178372530089411 -0.010729715265104292  -0.0038850030978625927 -0.014780758543057456 0.0082588987989691918 0.0053411798680662662 0.0094607778311972257 0.02121774234868691  -0.024907678321946548 0.021289701051087753 0.0010367153859157298 -0.0027338812652096191 0.015610633127439544  -0.0064601844885003971 0.014709850487150152 0.0016879698759778353 0.012880472051213447 0.0065297263616350435  0.0011336351902450838 0.0049087301072501307 -0.003960388660505812 -0.0035764865652125719 0.0036405202525074251 -0.00081202697756381796  0.010126173779542145 -0.0036070998781139712 0.026185232184279674 -0.032342490736939462  -0.0033286327455541815 0.00017442472849793947 0.0002110913160341488 -0.0011855089621183245 0.013876893749026354  -0.0070845470802800049 0.0030649080613635964 -0.00045452945779921104 0.0071536395713327761  0.006956897178985743 -0.0035606089208526023 -0.0048504040475807397 0.0023989714202441808  0.0042735893382397456 -0.004294090802506788 0.00057202745133850717 8.0595287420202069e-05 0.00077202283766304464  
shrinkage=0.04


Tree=33
num_leaves=17
num_cat=0
split_feature=24 73 20 0 31 73 73 1 65 1 38 73 24 1 52 68
split_gain=274297 46938.8 11930.1 6472.03 2001.28 1279.09 818.597 699.493 506.183 173.942 162.004 151.058 115.22 58.9563 8.90139 2.09343
threshold=557.8536600000001 104.28581852851867 321.24939000000006 37.576050000000002 201.223015 131.10306603576319 71.289377552643927 13.878480000000001 5.0453599999999978 66.206260000000015 -3.7170749999999995 24.380617429730972 16.601065000000002 5.9379700000000009 -3.1699649999999999 -0.46786999999999862
decision_type=2 2 2 2 2 2 2 2 2 2 2 2 2 2 2 2
left_child=1 3 4 7 5 -3 8 13 9 -5 11 -9 -12 15 -15 -1
right_child=-2 2 -4 6 -6 -7 -8 10 -10 -11 12 -13 -14 14 -16 -17
leaf_value=-0.42215477641831101 6.2361394466365798 0.64030017059628308 2.3355481002354392 0.0066474042451086113 0.27473545862896614 1.2925116601320779 0.32264298868458174 -0.28086585980456025 -0.19045522724555825 0.23233188293948037 -0.21962858810897706 -0.096152307192484548 -0.36443502457125282 -0.3541675844248276 -0.40676019863819518 -0.45453391663959775
leaf_weight=35 10.999999999999998 10.000000000000005 9.9999999999999982 12.000000000000002 9.9999999999999982 9.9999999999999982 17 21 14.999999999999998 9.9999999999999982 11.999999999999998 10.999999999999998 43 17 38 94
leaf_count=35 11 10 10 12 10 10 17 21 15 10 12 11 43 17 38 94
internal_value=0 -0.146677 1.14457 -0.305915 0.741004 0.971413 0.093758 -0.385575 -0.0118838 0.109999 -0.291277 -0.217993 -0.333369 -0.429957 -0.391249 -0.446114
internal_weight=0 365 40 325 30 20 54 271 37 22 87 32 55 184 55 129
internal_count=376 365 40 325 30 20 54 271 37 22 87 32 55 184 55 129
is_linear=1
leaf_const=-0.46465472013004794 -3.4641286904894701 -1.6221507762302647 4.775881898658227 -0.32586023597884051 1.2917283026293764 1.4802241938992122 1.7002661695471128 -0.30771355584639204 -0.023473616326155598 -0.62665073741728528 -0.47149186897578499 -0.098265061985246135 -0.44865793666169346 -0.44585181009928881 -0.42870787085149126 -0.45696466265258345
num_features=5 1 4 3 5 4 4 3 5 4 5 5 5 5 5 5 5
leaf_features=0 1 24 68 73  24  20 24 31 73  20 24 73  0 1 24 65 73  20 24 31 73  20 24 31 73  0 24 73  0 1 24 38 73  0 24 65 73  0 1 24 65 73  0 1 24 38 73  0 1 24 38 73  0 1 24 38 73  0 1 24 52 73  0 1 24 52 73  0 1 24 68 73  
leaf_coeff=-0.011245455108525634 -0.0044607134862906517 -0.0024407955942813424 -0.0057015914668086523 0.03001646763576702  0.011301602410114306  -0.01482764517950692 0.0046673719752623275 -0.0050798653861519952 0.040848880341228556  -0.0060814195676836338 -0.0046869195057232822 0.007487118987852385  0.00075157081936909136 -0.0014732820969872915 -0.002799091390319944 0.0082102523298821038 0.01260037091036807  -0.00553290787533154 0.00014589368696104279 0.0039581866254249096 -0.0042762294217498298  -0.0027465025831200944 9.7323216340967659e-05 0.00080701475127511926 0.001736306938570689  -0.001344941086431293 -0.0021049813448022195 -0.011393858261493367  -0.010440684709713448 -0.008316762597893438 -0.0037860819207687696 -0.0055635942340873622 0.023455313812956936  -0.011103600065750608 -0.0042052025400540552 0.0051410400236586795 0.01390325717371222  0.0095040786328448607 0.0018885589083429014 0.0017089404671890222 -0.0025127933170750265 -0.002160516015646579  -0.027345617606778672 -0.00025661442399638196 0.00517142690664489 0.010643407942393318 0.038216572489627836  -0.0091616965076640102 0.0053175530084422469 0.0016232523626580611 0.0094341816843322435 0.003331954926022221  0.0047967727981992258 -0.0070770613997877532 -0.00043314783387951133 0.0057723885458142651 0.0094592812453568546  0.0047325613943040431 0.00087167226395877171 -0.0034827599226122268 0.0067898869622561985 0.012954340688223527  -0.0075408363883165486 -0.0046546045740427653 -0.0026514276671834895 0.0017222093844273649 0.019291284122769137  0.0024686534886711269 0.0037069921178427031 -0.0024536155031432299 0.00062515393812222274 -0.0014121523257664894  
shrinkage=0.04


Tree=34
num_leaves=15
num_cat=0
split_feature=3 73 61 0 45 73 1 65 51 1 39 22 58 62
split_gain=254928 42828.1 12051.9 5964.59 2660.7 754.372 644.588 466.443 230.243 160.28 92.0766 54.2977 7.09098 6.21756
threshold=262.40077500000001 104.28581852851867 84.23978000000001 37.576050000000002 28.448935000000009 71.289377552643927 13.878480000000001 5.0453599999999978 -12.988149999999999 66.206260000000015 -6.8702000000000005 9.1498350000000013 -4.7720199999999995 0.70520500000000008
decision_type=2 2 2 2 2 2 2 2 2 2 2 2 2 2
left_child=1 3 4 6 -3 7 11 9 -8 -5 -10 13 -13 -1
right_child=-2 2 -4 5 -6 -7 8 -9 10 -11 -12 12 -14 -15
leaf_value=-0.43364208965679041 6.0117643359330337 0.88522812268591866 1.9849143461517944 0.0063682843633919694 0.04313052961141757 0.3097279027749224 -0.097244433459669072 -0.18282642757655776 -0.40789557102297958 0.22302276531068407 -0.28309588512517347 -0.41006728974899453 -0.34936177807575247 -0.40049121144482547
leaf_weight=106 10.999999999999998 15.000000000000002 14.999999999999998 12.000000000000002 9.9999999999999982 17 9.9999999999999982 14.999999999999998 11.999999999999998 9.9999999999999982 65 9.9999999999999982 29 39
leaf_count=106 11 15 15 12 10 17 10 15 12 10 65 10 29 39
internal_value=0 -0.141572 1.09184 -0.293678 0.550062 0.0900047 -0.370151 -0.0114041 -0.279624 0.105592 -0.303101 -0.412758 -0.366039 -0.425035
internal_weight=0 365 40 325 25 54 271 37 87 22 77 184 39 145
internal_count=376 365 40 325 25 54 271 37 87 22 77 184 39 145
is_linear=1
leaf_const=-0.43712835267469624 -1.3995562816924305 0.88696695201558462 -0.31168431502419031 -0.13506075028383524 1.2213315591292748 1.7528430631502696 -0.67697385038932234 -0.62853327100345735 -0.63487279528633922 -0.79484282689774788 -0.3466803906377442 -0.18947925705844232 -0.43594403908518881 -0.42454864593475811
num_features=6 1 4 3 5 4 3 5 4 6 5 6 6 6 6
leaf_features=0 1 3 22 62 73  3  3 45 61 73  3 61 73  0 1 3 65 73  3 45 61 73  0 3 73  0 1 3 51 73  0 3 65 73  0 1 3 39 51 73  0 1 3 65 73  0 1 3 39 51 73  0 1 3 22 58 73  0 1 3 22 58 73  0 1 3 22 62 73  
leaf_coeff=-0.0056425477588958658 0.0062102590544394392 -0.0011005712926228741 -0.0014645641743996054 0.0019070900369698854 0.0036139413243535673  0.014440675701365769  -0.0012584343601226868 0.0018639381762418864 0.0017273056654645606 0.00071787402654929235  0.0088276123387716534 0.0004239638387880352 0.0030294145699774106  0.00028640140242265914 -0.0063106360702862505 0.0049009535056784509 0.0068599090057520108 0.0059550237444901902  -0.00055076056786728842 0.009333282468457554 -0.0010770298446847217 -0.010666829618167593  0.0017025498216844917 0.011493488145674467 -0.02897190569380563  0.011779207415206801 0.0058982527731653812 0.055922577425110954 0.0048528410754797953 -0.040316578721392764  0.0050415310224180493 -0.01240800045291561 -0.0021230719927739909 0.01602016705311389  0.0044915600635619425 0.0043846762903003806 -0.013483119025010934 0.0086609709446708663 -0.0028958896888794435 0.015813477499470693  0.010027096499527205 0.0014153435666760131 -0.0002425970602132566 -0.0031778855358027343 0.002951586705588483  -0.0077630462782925331 -0.0026993795522047221 0.00017622679961092129 -0.00029016396876624389 0.0013037811172841173 0.01451329067054939  -0.072023687288021859 0.0020042688575773585 -0.024756960658346549 -0.0044555426768209481 0.0092182949324650584 0.063167698280543055  -0.0013596500345857446 0.0077281351808277084 -0.011229051126221209 0.00365001695384887 0.00057778284498930974 0.0065811077335494886  -0.0071301893684502116 -0.0019049691750174839 -0.0032767104792420917 -0.0048184597174958568 0.0021709174093805222 0.022187850765807034  
shrinkage=0.04


Tree=35
num_leaves=16
num_cat=0
split_feature=18 73 3 2 68 47 0 63 73 43 64 61 6 24 59
split_gain=282825 24883.1 3334.17 2193.73 1170.89 786.076 350.924 364.923 323.166 90.2237 80.2271 88.4219 53.7232 32.9597 1.99905
threshold=339.9223100000001 71.289377552643927 114.55568000000001 29.298460000000002 19.533584999999992 -8.8968399999999992 61.166905000000007 -4.8410299999999955 11.52627443812033 8.4765150000000009 5.3977949999999995 3.8970000000000007 29.637745000000006 3.8985600000000002 -2.164075
decision_type=2 2 2 2 2 2 2 2 2 2 2 2 2 2 2
left_child=1 3 4 8 5 -3 9 -8 13 12 11 -10 -5 -1 -15
right_child=-2 2 -4 6 -6 -7 7 -9 10 -11 -12 -13 -14 14 -16
leaf_value=-0.4160217464150176 5.4167315988982763 0.25725924053707638 1.0468046902819892 -0.16104596898107243 0.037092379385286631 0.69492987671790774 -0.10295441978025119 0.20761927954041134 -0.31532312760818038 -0.096243996087540987 -0.39250805512639408 -0.21918481870629325 -0.29679833553805218 -0.40336111690458021 -0.36539967510819243
leaf_weight=86 14.999999999999998 11.000000000000002 18 10.000000000000002 10.999999999999998 17 15.000000000000002 9.9999999999999982 44 13.999999999999998 12.999999999999998 26 9.9999999999999982 18 62
leaf_count=86 15 11 18 10 11 17 15 10 44 14 13 26 10 18 62
internal_value=0 -0.169644 0.597369 -0.311752 0.387688 0.524658 -0.0921645 0.0214479 -0.363709 -0.175638 -0.298151 -0.280035 -0.23026 -0.396265 -0.374484
internal_weight=0 365 57 308 39 28 59 25 249 34 83 70 20 166 80
internal_count=380 365 57 308 39 28 59 25 249 34 83 70 20 166 80
is_linear=1
leaf_const=-0.4286056660638668 -1.6582354021030963 0.49524584572083435 1.4919100984249283 0.93048764136676276 -0.88384518641809295 0.0094303846366483434 -0.49730606246437231 -0.89825606718382023 -0.34017317654098184 -0.31582920539856563 -0.46542002278357369 -0.1623065062503031 -0.13387811842114164 -0.36858570050036527 -0.41310420879362464
num_features=4 1 5 3 6 4 5 5 5 5 5 4 5 6 5 5
leaf_features=2 18 24 73  18  3 18 47 68 73  3 18 73  0 2 6 18 43 73  3 18 68 73  3 18 47 68 73  0 2 18 63 73  0 2 18 63 73  2 18 61 64 73  0 2 18 43 73  2 18 64 73  2 18 61 64 73  0 2 6 18 43 73  2 18 24 59 73  2 18 24 59 73  
leaf_coeff=-0.00050405954518012669 -0.0015795897973499122 0.0033059441836275744 0.0080591431358735272  0.01199175156833251  0.021103026323060638 -0.0032212124750300381 0.001525365028603556 -0.0018586292286924381 -0.013432052217250828  -0.0051780616799549069 -0.0030344281860819949 0.0059347430720106094  -0.038268706538638647 -0.029703510671481588 -0.025697296443861154 0.015786176828955265 0.009445490647148419 0.032885682176074488  0.013423952156052184 -0.0046683148793356735 -0.0022440711813388786 0.0076395436275256412  -0.00023521105620783803 -0.00059892807925317443 -0.0042263956155288145 -0.0015171808607379236 0.007740092868806051  0.0047320242923971729 -0.014306832049889976 -0.0014907414717008607 0.0052763516699800318 0.020255482953484737  0.0017382717227350411 -0.0024358693365055576 -0.0088129058839713018 -0.00029734479229543147 0.030327418815821197  -0.00072693930933359868 -0.0031255339510152698 0.0018980625906323571 -0.0029133289776649735 0.0058588472374210112  -0.00086745499449614205 0.00019301565388668066 -0.0018074892661385747 -0.0046633051325825816 0.010866348727592545  -0.0052174705473871097 -0.0014749075986245689 -0.0041360635108082999 0.013602987577061472  0.00016475424928104058 0.001666812448608375 0.0046624348204342527 0.0024114087359974126 -0.0068816406034886779  -0.0046525621684397941 -0.0087085749104935696 -3.6894507169122911e-05 0.0020644443463165066 0.0012669517547170275 0.0093382731677465729  0.0072560899927719561 -0.0018707836408334358 -0.0055700663711138005 0.0025568022384074855 0.0014251401155010515  -0.0031536103878489824 -0.0028215730832256022 -0.0014322847707560541 -0.0021644470580932575 0.017337279916639692  
shrinkage=0.04


Tree=36
num_leaves=16
num_cat=0
split_feature=18 73 3 2 51 47 0 63 73 43 64 61 6 24 62
split_gain=260650 22932.1 3072.61 2021.71 1038.81 625.456 323.391 336.257 297.766 83.1212 73.8654 81.4407 49.4676 30.3 1.89488
threshold=339.9223100000001 71.289377552643927 114.55568000000001 29.298460000000002 -30.921409999999998 -8.8968399999999992 61.166905000000007 -4.8410299999999955 11.52627443812033 8.4765150000000009 5.3977949999999995 3.8970000000000007 29.637745000000006 3.8985600000000002 0.89322500000000027
decision_type=2 2 2 2 2 2 2 2 2 2 2 2 2 2 2
left_child=1 3 4 8 -3 -6 9 -8 13 12 11 -10 -5 -1 -15
right_child=-2 2 -4 6 5 -7 7 -9 10 -11 -12 -13 -14 14 -16
leaf_value=-0.39937902062889047 5.2000517684734433 0.095007683097893494 1.0049236569483637 -0.15458829223519502 0.27648875651973309 0.68953344054569465 -0.098825646773079368 0.19929866705790608 -0.30270657249589089 -0.092382888870036359 -0.37679552384005255 -0.21041129744372608 -0.28491055479144112 -0.37286126264368868 -0.34207667712689771
leaf_weight=86 14.999999999999998 13.999999999999998 18 10.000000000000002 10 15 15.000000000000002 9.9999999999999982 44 13.999999999999998 12.999999999999998 26 9.9999999999999982 44 36
leaf_count=86 15 14 18 10 10 15 15 10 44 14 13 26 10 44 36
internal_value=0 -0.162858 0.573471 -0.299282 0.372176 0.526235 -0.0884753 0.0205836 -0.34916 -0.168608 -0.286223 -0.268832 -0.221042 -0.380414 -0.359502
internal_weight=0 365 57 308 39 25 59 25 249 34 83 70 20 166 80
internal_count=380 365 57 308 39 25 59 25 249 34 83 70 20 166 80
is_linear=1
leaf_const=-0.41146144256825073 -1.5919062264521064 -0.96938560789174788 1.432233732497705 0.89326814314820713 0.42093684883419208 0.31956112887579824 -0.47741378778917359 -0.86232582711561478 -0.32656624119647865 -0.30319604236790104 -0.44680325029387413 -0.15581425124495243 -0.12852300661229948 -0.37249085676804106 -0.40734433327287728
num_features=4 1 4 3 6 5 5 5 5 5 5 4 5 6 5 5
leaf_features=2 18 24 73  18  3 18 51 73  3 18 73  0 2 6 18 43 73  3 18 47 51 73  3 18 47 51 73  0 2 18 63 73  0 2 18 63 73  2 18 61 64 73  0 2 18 43 73  2 18 64 73  2 18 61 64 73  0 2 6 18 43 73  2 18 24 62 73  2 18 24 62 73  
leaf_coeff=-0.00048389710986569424 -0.0015164056900201508 0.0031737068995069256 0.0077367759264280536  0.011512081961212674  0.011180831794743266 0.0013116497821893832 0.0062369600025560133 0.0017919167224346969  -0.0049709393105405219 -0.0029130511401174357 0.0056973532937753648  -0.036737959484040635 -0.028515370773505147 -0.024669404422822942 0.015154729522789342 0.0090676713757469 0.031570256371357609  0.0086582232246055144 -0.0019954859710543363 -0.0027847079060866037 0.0032096909847380201 -0.0069580168180037576  -0.0030659366341805601 0.0010331536431399614 -0.0053775549453848144 0.0069350882512326899 0.0054792455172816201  0.0045427430319821584 -0.013734558806305069 -0.0014311120173941874 0.005065297596833088 0.019445263728174997  0.0016687405616320919 -0.0023384348620394749 -0.0084603901611316548 -0.00028545113682043436 0.02911432346954769  -0.0006978617135484556 -0.0030005125317065346 0.0018221398424337213 -0.0027967958728846616 0.0056244928311368634  -0.00083275660315125695 0.00018529500378666245 -0.0017351895930643815 -0.0044767730305826864 0.010431694629625199  -0.00500877226249724 -0.001415911833260535 -0.003970618626266572 0.013058869857421202  0.00015816343815526772 0.0016001404424686476 0.0044759372879878577 0.0023149522895899882 -0.0066063747259334721  -0.0044664605266925162 -0.0083602326032532672 -3.541879795287529e-05 0.0019818668910128678 0.0012162741232647004 0.0089647442043218305  0.0020527560522758128 -0.0052171367162303518 -0.0017722594442573184 -0.0066984472906040449 0.0068348678027874863  -0.0047044701956158452 -0.00084930218952281109 -0.0036629098798882792 0.0058067527977483033 0.019255423974690589  
shrinkage=0.04


Tree=37
num_leaves=16
num_cat=0
split_feature=18 73 3 2 68 47 56 1 32 40 39 42 2 62 59
split_gain=240214 21134.1 2831.56 1863.18 1023.26 679.092 295.9 274.384 198.151 77.3602 69.3758 55.9605 38.5098 12.1799 1.43279
threshold=339.9223100000001 71.289377552643927 114.55568000000001 29.298460000000002 19.533584999999992 -8.8968399999999992 -16.741829999999993 13.080230000000002 80.223360000000014 -5.7358249999999957 -6.0302200000000017 0.036714999999999977 4.6544600000000012 1.4005550000000007 0.84046500000000024
decision_type=2 2 2 2 2 2 2 2 2 2 2 2 2 2 2
left_child=1 3 4 7 5 -3 -5 12 9 -8 -9 -12 14 -14 -1
right_child=-2 2 -4 6 -6 -7 8 10 -10 -11 11 -13 13 -15 -16
leaf_value=-0.38185144603665117 4.9920390941291464 0.23678519712912069 0.96471786583326136 0.10130888779958092 0.02956389401410078 0.64358952845746309 -0.26145476229555986 -0.36902753584455744 0.020777683945389487 -0.133202504691493 -0.22446362504273173 -0.31044850903655852 -0.35007471869973578 -0.30156161951263571 -0.3433023690230011
leaf_weight=101 14.999999999999998 11.000000000000002 18 10.999999999999998 10.999999999999998 17 10.999999999999995 9.9999999999999982 10.999999999999998 26.000000000000004 43 19 39 22 14.999999999999998
leaf_count=101 15 11 18 11 11 17 11 10 11 26 43 19 39 22 15
internal_value=0 -0.156343 0.55053 -0.28731 0.357285 0.485327 -0.0849335 -0.335193 -0.127819 -0.172041 -0.268226 -0.251336 -0.362244 -0.333166 -0.377201
internal_weight=0 365 57 308 39 28 59 249 48 37 72 62 177 61 116
internal_count=380 365 57 308 39 28 59 249 48 37 72 62 177 61 116
is_linear=1
leaf_const=-0.38806848401808203 -1.528229775978398 0.46195698405784708 1.3749444091612011 -0.11657214179838947 -0.80597961537561191 -0.0026411143005452692 0.12771424530296488 -0.51338506011894891 -1.4249267327146222 -0.21392056815712071 -0.17704533523039576 -0.43447596411998357 -0.34721523534910664 -0.31861083446244387 -0.33434869060367939
num_features=5 1 5 3 4 4 5 6 5 5 6 6 6 5 5 5
leaf_features=1 2 18 59 73  18  3 18 47 68 73  3 18 73  2 18 56 73  3 18 68 73  3 18 47 68 73  2 18 32 40 56 73  1 2 18 39 73  2 18 32 56 73  2 18 32 40 56 73  1 2 18 39 42 73  1 2 18 39 42 73  1 2 18 62 73  1 2 18 62 73  1 2 18 59 73  
leaf_coeff=-0.0051107095046060641 0.0035095969814798174 -0.0023356565862634286 0.0024225729954691039 0.010876590239917994  0.01105159833025479  0.019559250702227311 -0.00291894771278096 0.0014022921490763499 -0.0016875383325905134 -0.012565511998073179  -0.0047721019069080764 -0.0027965289277228152 0.0054694589361058785  -0.0045681828632639842 -0.0034493246021284666 -0.00083055440908440096 0.012507002278042523  0.012108427015160796 -0.004227872874944914 -0.0022501751143594881 0.0070652414778742583  -5.5640507873029333e-05 -0.00048930145870246201 -0.0039320053475462675 -0.0012894491976375645 0.007079668234820452  -0.0081746659519018883 -0.016195858857458671 -0.0016855144551168792 -0.013842792677219471 0.0061614587603681025 0.016514639460885893  0.031320644349817434 0.0027085643030402558 -0.00024058595131223998 0.010127751872938512 -0.027828746297408995  0.0020503482289652222 0.0036136164834878223 -0.00039522481799698103 0.0015337685294732487 0.017590136127751645  0.00016234293715508332 0.0015706282180271928 -0.0024625255731839804 0.0012362417362625027 -0.0063929743655284643 0.0046298139230496384  -0.0097662730573548386 0.0025425391324607788 0.00011533657478811856 0.0014444930204993069 0.0072918317185070259 0.0089301589325615025  -0.008598297627512538 -0.014773215456424682 0.0024515431432035944 -0.0091611729429266139 -0.0012463877886242261 0.02739853586852917  -0.0064091367590407358 0.0047277135605010758 -0.0036320589105045286 -0.0022794992984985288 0.005693475135705511  -0.0062487440568671825 -0.0052312017722765183 -0.0010980472900599615 0.0035523154702554005 0.013702379073033665  0.0035829977045438361 0.014053385289601013 0.0023494759778884605 -0.015620128593832095 -0.0078206569908462614  
shrinkage=0.04


Tree=38
num_leaves=17
num_cat=0
split_feature=18 25 29 68 2 54 23 57 1 0 56 61 65 42 0 50
split_gain=221380 18507.9 3131.43 1402.6 1333.83 1062.02 1029.72 363.715 252.816 240.026 103.503 56.9447 49.0373 47.6093 38.6629 7.19049
threshold=339.9223100000001 95.926715000000016 304.31461000000007 10.647550000000001 29.298460000000002 -31.437339999999992 102.45936500000001 -24.059404999999995 13.080230000000002 67.444675000000018 4.1919200000000014 1.0536150000000011 4.9449499999999995 0.036714999999999977 3.5487900000000003 -1.7029450000000004
decision_type=2 2 2 2 2 2 2 2 2 2 2 2 2 2 2 2
left_child=1 4 3 5 8 7 -5 -3 14 10 -6 12 -10 -13 -1 -16
right_child=-2 2 -4 6 9 -7 -8 -9 11 -11 -12 13 -14 -15 15 -17
leaf_value=-0.3660076676030935 4.7923468467257688 0.15827275984358077 1.0693611897648994 -0.20781825813916649 -0.077269852055304969 0.82354368398855382 0.32133723698609273 0.50168026140420763 -0.35122796384444144 0.060301791616707803 -0.21023077982258426 -0.20012683054368449 -0.23961566612010701 -0.3005040594908569 -0.28582476325068923 -0.33194527731670798
leaf_weight=99 14.999999999999998 10.000000000000002 10.999999999999998 10.000000000000002 19 11.000000000000002 13.999999999999998 9.9999999999999982 16.000000000000004 11.999999999999998 19 32 12.999999999999998 10.999999999999998 13.999999999999998 64
leaf_count=99 15 10 11 10 19 11 14 10 16 12 19 32 13 11 14 64
internal_value=0 -0.150089 0.455683 0.331157 -0.283926 0.508516 0.100742 0.331817 -0.321785 -0.0950421 -0.144233 -0.257495 -0.302328 -0.226535 -0.347754 -0.324095
internal_weight=0 365 66 55 299 31 24 20 249 50 38 72 29 43 177 78
internal_count=380 365 66 55 299 31 24 20 249 50 38 72 29 43 177 78
is_linear=1
leaf_const=-0.37257693087905031 -1.4671003874205328 0.72837272667630271 1.6355555068397738 1.128223364882954 -0.30392852192288566 0.56456633061777672 0.22728840464261002 -0.95379275544719366 -0.40985454505036395 -0.11879524986828531 -0.11461554506597454 -0.19141629080033343 -0.3345093778111346 -0.03660534182041375 -0.3865556082459114 -0.33525571657334929
num_features=5 1 6 3 5 5 5 5 6 6 4 5 6 6 6 6 6
leaf_features=0 1 2 18 25  18  18 25 29 54 57 68  18 25 29  18 23 25 29 68  0 2 18 25 56  18 25 29 54 68  18 23 25 29 68  18 25 29 54 57 68  1 2 18 25 61 65  0 2 18 25  0 2 18 25 56  1 2 18 25 42 61  1 2 18 25 61 65  1 2 18 25 42 61  0 1 2 18 25 50  0 1 2 18 25 50  
leaf_coeff=-0.00095106526100387635 0.00042126542203242641 0.0050945353631232145 -0.00068332442480553387 0.0006574216211137075  0.01060953391524859  0.0067391769565272189 -0.0027379691071218555 -0.0041387907535827273 0.0034915908974883442 0.00094883739540102617 -0.00090695700789499088  -0.0020230818736198769 0.0015964656286357635 -0.0019773272068466644  0.0023825616329895198 -0.016350402781159377 0.0016899283997432899 -0.0096919124016637669 0.020462699617627512  -0.0001244527749150193 0.0040471116919815718 -0.0026501727436356289 0.0026990124999637811 -0.002045534763831445  0.0038011571926478646 0.0024402969236122646 -0.0017842927750794239 0.0049293204640100995 0.011010308974668825  0.0013372746147793403 0.00043593091838992743 0.0020698561788134212 -0.0012545890838675346 -0.0072880254690288089  -0.0015374415031584479 0.0076134657286285557 6.9326209386559882e-05 -0.0047484595944384264 0.0022658158492099207 0.0058449559776563133  -0.0014376183792633415 0.0034445287323158621 0.00036424415917302616 0.0022438562876942398 0.010882592865668032 -0.0014467100397467904  0.0019241407986350561 0.0021970267714230668 -0.0029437798857928927 0.0004028178192642718  0.0019163097758850304 -0.001303538879427926 0.00032460763125204969 -0.0023232157774241927 -0.0016124875392150842  -0.00026349578378429331 0.00401882009964651 0.00026775439663651929 -0.0044862395559009116 -0.00014164776915973401 0.0071295785068220688  0.0061577104223135152 -0.0041935285081276252 -0.0046363131462396909 0.0040731007224203983 -0.0018022686371322652 0.0018589085812546816  -0.013184338222423835 -0.010051191636050023 0.0041552469147194421 0.010863913976832403 0.00057103272581166225 -0.036114230229196798  -0.0052016860206014759 0.021833805991107201 0.0052945298991331326 -0.0062806766515134003 -0.001198261082872172 -0.0063185940025029565  0.0015618981211457598 0.00034331696504782635 0.00096072213462947273 -0.00090903508532130383 -0.0013678217186649634 0.0036973729793991078  
shrinkage=0.04


Tree=39
num_leaves=15
num_cat=0
split_feature=1 73 9 0 54 40 41 1 63 66 68 38 12 62
split_gain=204371 25685.5 7014.38 1766.78 1286.29 663.464 1113.19 391.784 187.607 131.448 84.6357 48.843 35.8686 7.49284
threshold=405.03235500000011 74.17370810251218 187.24473500000002 37.576050000000002 -31.437339999999992 11.72602 14.902315 13.878480000000001 -4.8410299999999955 -21.075510000000005 -17.367344999999997 -0.7439349999999999 2.4023200000000005 3.1460800000000009
decision_type=2 2 2 2 2 2 2 2 2 2 2 2 2 2
left_child=1 3 4 7 5 6 -3 12 9 -5 -9 -12 -1 -14
right_child=-2 2 -4 8 -6 -7 -8 10 -10 -11 11 -13 13 -15
leaf_value=-0.35275487779115605 5.3921403159751558 -0.080879885986561068 1.4651331978717834 0.040538367516923676 0.76913428373573256 0.54116945919689841 0.47817784356598825 -0.1177599860654019 0.11034488009018754 -0.14143857766313161 -0.21875450878927155 -0.2868732270833963 -0.31938708111160619 -0.27282463510527877
leaf_weight=90 10.999999999999998 13.000000000000002 12.999999999999998 9.9999999999999982 11.999999999999998 10.999999999999998 9.9999999999999982 9.9999999999999982 12.999999999999998 17.000000000000004 51 29 77 12.999999999999998
leaf_count=90 11 13 13 10 12 11 10 10 13 17 51 29 77 13
internal_value=0 -0.116469 0.647797 -0.2621 0.414047 0.286717 0.163033 -0.298844 -0.0138565 -0.0739912 -0.230008 -0.243825 -0.333093 -0.313016
internal_weight=0 369 59 310 46 34 23 270 40 27 90 80 180 90
internal_count=380 369 59 310 46 34 23 270 40 27 90 80 180 90
is_linear=1
leaf_const=-0.36178639435897431 0.69532046886378807 0.7600407744145492 1.6169076490944829 -0.73499444822937865 0.71082455712668224 -0.53337019037770017 0.11324642977090436 0.087484457829175438 -0.77883085085309589 -0.017865358485349252 -0.2771370013318768 -0.30740687511834613 -0.3401241208331397 -0.26873290492100188
num_features=4 1 6 3 5 4 5 6 4 4 5 5 5 5 5
leaf_features=0 1 12 73  1  1 9 40 41 54 73  1 9 73  0 1 63 66 73  1 9 54 73  1 9 40 54 73  1 9 40 41 54 73  0 1 68 73  0 1 63 73  0 1 63 66 73  0 1 38 68 73  0 1 38 68 73  0 1 12 62 73  0 1 12 62 73  
leaf_coeff=0.0055092642646418317 -0.0026665037987108654 0.0054618389276021176 -0.00059666471969636718  0.0055036664597712844  0.002413592636043516 -0.0099522145301574744 0.0016207225712909082 -0.0030048779279031146 0.0018945650257416805 0.0010895519882268847  0.0030223418848042368 -0.013269334649315215 0.010391848218347592  -0.005001583217739137 -0.0014199710175222594 0.0029300999734004803 -0.0010498726025285879 0.020081854415143617  0.0032162889253547228 -0.016224474894366705 -0.0087134013646975907 0.013385658955172375  -0.0037961789331827328 -0.0051358330962282409 0.00063139321254093174 -0.0033818951576644459 0.016631154782506638  0.010648903295208411 0.0096328973245215915 0.0064564642745625735 0.0083537266830409629 0.00055158647268518891 -0.019888989310723405  -0.0085529093848722773 0.004277746077631016 0.0083360034506068659 0.0033217085093043158  0.0037998300635696076 0.00048184140778316211 -0.0027630214866922482 0.011217390642796102  0.0016969257912952654 -0.0053280935093225415 0.0036693636508668753 0.001447140839333881 0.0034099765247981137  -0.0043495524924994748 -0.0010373371103167453 0.00087978667233919801 -0.0025808305781085134 0.0087077985492981756  0.0067595697915299813 5.5960576204703308e-05 0.0015696064596427031 -0.0012674243202524728 -0.0058700393628510041  0.0029468041258950044 0.0027593250389043081 -0.001754016043092162 0.0006345187638886208 -0.00097248017839640449  -0.005958799388478743 -0.015337210307338299 -0.00583479887114153 0.0050622670357089701 0.023004854550144071  
shrinkage=0.04


Tree=40
num_leaves=19
num_cat=0
split_feature=24 73 4 37 37 36 68 73 1 38 56 22 27 34 1 34 54 48
split_gain=130052 20996.1 3840.43 2309.8 3798.89 958.054 949.725 693.247 386.785 364.139 197.917 126.962 68.5098 65.7877 35.61 23.7004 5.93266 4.70952
threshold=557.8536600000001 104.28581852851867 34.725625000000008 61.022744999999993 95.023250000000019 22.947295000000015 2.7495999999999996 71.289377552643927 11.895775000000002 -21.038319999999995 8.0220300000000027 52.648720000000004 13.541360000000003 18.081655000000001 17.778240000000004 7.2003200000000005 -3.4928100000000004 1.1880100000000005
decision_type=2 2 2 2 2 2 2 2 2 2 2 2 2 2 2 2 2 2
left_child=1 2 8 5 -5 -3 7 11 15 -8 -11 -4 14 -14 -10 17 -17 -1
right_child=-2 3 6 4 -6 -7 9 -9 12 10 -12 -13 13 -15 -16 16 -18 -19
leaf_value=-0.33956467010229713 4.4779398338393426 0.20365404971102449 -0.013074308451231529 1.5076122778815191 0.4261267917935212 0.71750243876240061 -0.2833379754934226 0.48458826055621168 -0.21051085889832047 0.11649857005557497 -0.12820890726429404 0.18292094891614255 -0.31484759926137351 -0.22478800758012188 -0.10529585366201875 -0.31109469653125782 -0.26342842129105382 -0.29699653567248635
leaf_weight=125 9.9999999999999982 14.000000000000002 11.000000000000005 11.000000000000002 9.9999999999999982 9.9999999999999982 10.999999999999998 9.9999999999999982 12.000000000000002 11.000000000000002 9.9999999999999982 9.9999999999999982 18 61 9.9999999999999982 25 13.999999999999998 12.999999999999998
leaf_count=125 10 14 11 11 10 10 11 10 12 11 10 10 18 61 10 25 14 13
internal_value=0 -0.120027 -0.22725 0.691101 0.997269 0.420012 0.05461 0.212113 -0.291136 -0.098032 0 0.0804918 -0.228051 -0.245731 -0.16356 -0.326962 -0.294804 -0.335802
internal_weight=0 386 341 45 21 24 63 31 278 32 21 21 101 79 22 177 39 138
internal_count=396 386 341 45 21 24 63 31 278 32 21 21 101 79 22 177 39 138
is_linear=1
leaf_const=-0.34062167702539237 -3.2925535187920931 1.3298120155979407 0.27683800491115695 -1.7091942904324062 0.45700714266851955 -1.26798675830074 -1.3663483181316498 0.054997871704545113 -0.46121478741052907 0.08079601506550263 -0.33874781992740571 -0.094613040398890028 -0.53241947934180656 -0.28433439146344602 -0.1963344601498557 -0.27044934250946656 -0.29513411191399147 -0.30005703958992747
num_features=6 1 4 5 3 3 4 5 4 5 6 6 5 6 6 5 6 6 6
leaf_features=1 4 24 34 48 73  24  24 36 37 73  4 22 24 68 73  24 37 73  24 37 73  24 36 37 73  4 24 38 68 73  4 24 68 73  1 4 24 27 73  4 24 38 56 68 73  4 24 38 56 68 73  4 22 24 68 73  1 4 24 27 34 73  1 4 24 27 34 73  1 4 24 27 73  1 4 24 34 54 73  1 4 24 34 54 73  1 4 24 34 48 73  
leaf_coeff=-0.00036013554133614738 -0.0013052938733050293 0.00076789578883309075 -0.0038484626840606679 0.0041866019061915791 0.0064319969579269432  0.0090885124260249462  0.00025968627130332716 0.0013131996428443762 -0.018120624889616171 -0.0035057292344615582  -0.0016885480846137383 -0.0081333602830269101 -0.005556918118793581 -0.0090933376976035322 0.0060003397006427785  -0.00035585263826398266 0.026254575627629895 0.0070386203258700963  0.00032747152077837634 -0.0047356305634832082 0.0023128290383940689  9.7556436937646951e-05 -0.0043669815248312911 -0.0073855986530725927 0.016583891149119411  0.00035133836273492985 -0.0052175459115245829 -0.062586071566982052 4.6513140540869198e-05 -0.0041690329908917441  -0.00047783453708781574 -0.0023535605601871629 0.00014960185609119494 0.0089129017230843051  0.0014411296560091105 -0.0042983156709017938 -0.0068871975493231844 0.020477406630170381 0.014060104868581507  -0.0033841339438852465 -0.00072424682415789937 0.00017903825331662686 0.0018065116171137889 0.0045977870728994225 0.0040847351358975466  0.0086536857354580013 0.002781002851737937 -0.0090176515478723272 -0.005853733271520287 -0.0058646202473556673 -0.0058292796827146606  -0.0054125294783606672 0.0016541716101732276 -0.0027836909357904153 -0.0025715416342998194 0.012716102031183263  0.0038237408997133225 0.011268779385031531 -0.0035697924912309995 0.0024411401801562255 0.0094104481361475239 -0.0099395980251460996  -0.00046866491669369414 -0.0003615418791041237 -0.0010306246527775123 4.0742903766655132e-05 -0.00026091547555133769 0.0055117924779556141  0.00094034711065427623 -0.016658334427480478 0.0047896208898010441 -0.0051970544680924758 0.019694617944597561  -0.0028360897205281792 -0.004248680494103923 0.0023144759315673284 -0.0027283072405978898 -0.001234856344183264 0.0028587262158609236  -0.016413625042574691 0.0052446311499377892 0.0054702034469627193 -0.00065353904417122979 -0.0041902365740936892 0.008924895572121231  0.0029135322595438854 -0.0054870308738023269 -0.021261128119924141 -0.00090898935637021352 -0.013385653552400643 0.035049674121747934  
shrinkage=0.04


Tree=41
num_leaves=16
num_cat=0
split_feature=24 2 4 36 36 67 25 21 73 64 3 20 68 13 47
split_gain=119855 19484.7 3926.83 2892.41 1509.44 735.373 548.164 457.874 351.5 71.8207 61.9875 84.7764 46.6085 11.744 3.86574
threshold=557.8536600000001 123.32048000000002 34.725625000000008 -55.831754999999987 22.947295000000015 8.0547400000000042 95.926715000000016 74.676085000000015 10.35284344916847 -0.48451500000000197 15.593350000000003 34.778730000000003 -2.6189849999999986 2.5740800000000004 0.29472000000000004
decision_type=2 2 2 2 2 2 2 2 2 2 2 2 2 2 2
left_child=1 2 8 -3 -5 -4 9 -8 13 -7 11 -10 -12 -1 -15
right_child=-2 3 5 4 -6 6 7 -9 10 -11 12 -13 -14 14 -16
leaf_value=-0.32763698818972847 4.2988063865132871 1.2979118625480353 -0.14849670712236337 0.27417560248908418 0.8414463360619 -0.078678925273654693 0.47746724383665778 0.13570899641304687 -0.22108313493299392 0.068693735434277231 -0.22418663918713991 -0.32701220016033333 -0.13820858003488232 -0.30593549847804558 -0.26081926289171281
leaf_weight=98 9.9999999999999982 9.9999999999999982 19 18.000000000000004 12.999999999999998 11.000000000000002 10.000000000000002 17 51 9.9999999999999982 23 17 20 59 9.9999999999999982
leaf_count=98 10 10 19 18 13 11 10 17 51 10 23 17 20 59 10
internal_value=0 -0.115225 -0.213257 0.708088 0.514133 0.0615086 0.144855 0.263729 -0.27949 -0.00831893 -0.223744 -0.248065 -0.184703 -0.316363 -0.299842
internal_weight=0 386 345 41 31 67 48 27 278 21 111 68 43 167 69
internal_count=396 386 345 41 31 67 48 27 278 21 111 68 43 167 69
is_linear=1
leaf_const=-0.3320661144084146 -3.1608514723439938 0.12646975381989026 0.37338449338289431 0.75415968942123468 0.83907171714876783 -0.9011096785454602 -0.61947480615397588 0.096731836781277725 -0.33541183649189754 0.15371348394170925 -0.29326466463929368 -0.14018487319241787 -0.18137214314062933 -0.32347997688483793 -0.34303712390874985
num_features=5 1 3 4 3 3 6 6 6 6 6 6 6 6 6 6
leaf_features=2 4 13 24 73  24  2 24 36  2 4 24 67  2 24 36  2 24 36  2 4 24 25 64 67  2 4 21 24 25 67  2 4 21 24 25 67  2 3 4 20 24 73  2 4 24 25 64 67  2 3 4 24 68 73  2 3 4 20 24 73  2 3 4 24 68 73  2 4 13 24 47 73  2 4 13 24 47 73  
leaf_coeff=-0.0034087718404106409 -0.00077901090874774167 0.0090341564909950049 -0.00077868999732388043 0.00096692703030822026  0.0087249720240956483  0.011723591319584276 -0.0022696772828215148 0.0083373566955916769  0.0012060759504702433 -0.0076230831400645608 -0.00099366128767425471 0.006416066137565889  -0.0022239212790139771 -0.00011505514433834187 -0.0010088634016808208  0.0039458678488535886 -0.0045989070231388061 0.0094571196470138053  -0.016945581385556668 0.013118777474486592 0.007564116608268342 0.0053301432977092807 -0.0027693042956481511 0.0024621041471821186  0.020273073431744709 0.0028776409627329974 -0.0055319547966317202 0.002816629977640624 -0.0029897227094137563 -0.0066069373408720383  0.002414804304725618 0.0027074049246143435 -0.00082359042448161741 0.00019333247949611959 -0.0027647842180641121 0.0010413562666892824  -0.0030721442253396551 0.0069325921058755223 0.00052007032133370332 -0.0018518848163936253 -0.00060126031630382227 0.0086939214197844106  0.009851569737152668 0.00069987377005349195 -0.0065017304903730658 -0.0061298989046903356 0.0037257138173692546 0.0031021350379706243  -0.0037756415146944283 0.00030363590223807084 0.0053226634987024474 -0.0020207440498098486 -0.0046295683213272648 0.0016859210935469807  -0.0061982967453334242 -0.0067853020205278381 0.0047808490614304061 -0.0033518612948716616 0.0023788799102713305 -0.0010773410567806964  -0.0016793027107891503 -0.001982548084988647 -0.002770542687307405 -0.0044762243177455035 -0.0046799410869183163 0.015144386319579024  0.0011116836751388917 -0.0037540172754639265 -0.0062282377563611579 -1.8837365120616404e-06 -0.010579343724124401 0.0098434080705206411  -0.0077307601200097605 0.0090470381741157638 -0.0026905705508006423 -0.0006587484350116669 0.020319387669483508 0.011668388420355317  
shrinkage=0.04


Tree=42
num_leaves=16
num_cat=0
split_feature=24 2 4 36 66 67 49 1 34 27 34 55 34 66 48
split_gain=110458 17957 3618.94 2665.43 2653.49 677.675 508.263 329.401 285.018 61.4876 58.2871 32.4988 20.0084 6.08481 4.31861
threshold=557.8536600000001 123.32048000000002 34.725625000000008 -55.831754999999987 -26.069550000000007 8.0547400000000042 3.3606999999999982 11.895775000000002 89.187265000000011 13.541360000000003 18.081655000000001 4.6492450000000005 7.2003200000000005 -4.9583950000000003 1.1880100000000005
decision_type=2 2 2 2 2 2 2 2 2 2 2 2 2 2 2
left_child=1 2 7 -3 -5 -4 8 12 -7 11 -11 -9 14 -14 -1
right_child=-2 3 5 4 -6 6 -8 9 -10 10 -12 -13 13 -15 -16
leaf_value=-0.31305667422848837 4.1268383003461491 1.2459795650633259 -0.14254846165941651 0.926896805508446 0.17698542918948182 -0.013061899055997691 0.35170003628912783 -0.098247056104041414 0.2385382501559683 -0.29183649442472515 -0.20712206554490886 -0.19815333478085634 -0.29487950319743295 -0.25040708225485275 -0.27307341015065906
leaf_weight=125 9.9999999999999982 9.9999999999999982 19 13.000000000000002 18 25 12.999999999999998 11.000000000000002 9.9999999999999982 18 61 10.999999999999998 18 21 12.999999999999998
leaf_count=125 10 10 19 13 18 25 13 11 10 18 61 11 18 21 13
internal_value=0 -0.110616 -0.204726 0.679761 0.493562 0.0590459 0.139057 -0.26831 0.0591847 -0.210084 -0.226819 -0.149052 -0.301375 -0.271737 -0.30952
internal_weight=0 386 345 41 31 67 48 278 35 101 79 22 177 39 138
internal_count=396 386 345 41 31 67 48 278 35 101 79 22 177 39 138
is_linear=1
leaf_const=-0.31397686036488059 -3.0344172107081619 0.12141102335265944 0.35844913068993667 1.9774786657493499 0.54848595424429036 -0.48797020529966201 0.018556221744933626 -0.48098449414768318 0.16962162237658052 -0.52810632269532121 -0.25411465354361701 -0.50707192505229393 -0.28134452180891462 -0.21448012758920987 -0.26153481551710689
num_features=6 1 3 4 4 4 6 5 6 6 6 6 6 6 6 6
leaf_features=1 2 4 24 34 48  24  2 24 36  2 4 24 67  2 24 36 66  2 24 36 66  2 4 24 34 49 67  2 4 24 49 67  1 2 4 24 27 55  2 4 24 34 49 67  1 2 4 24 27 34  1 2 4 24 27 34  1 2 4 24 27 55  1 2 4 24 34 66  1 2 4 24 34 66  1 2 4 24 34 48  
leaf_coeff=0.00013386695144288198 0.0010391657086592555 0.00080698951056749305 0.0010914885890644223 -0.0019947419485703936 0.0053718470034187782  0.0083759729201472507  0.011254647560334228 -0.0021788902537187003 0.0080038623844901503  0.0011578330942139763 -0.0073181600400723515 -0.0009539150072340731 0.0061594236768437753  0.0034828815317902639 -0.003971225420001832 0.004691146007122512 0.011022176745088699  -0.0022011946244758903 -0.00029258357126277343 0.0078111499245344879 0.0034470732212192531  0.00058302463889246771 0.0070310514189507239 -0.005000836471360689 0.0067249142923515208 0.0060123789615924277 0.0033521307325441096  0.0039312317210237341 0.00016584248829864425 -0.00090477610083827841 0.0097759130025431174 -0.0013915928177170025  0.011353493130756009 0.0051098218721293172 -0.011556916861712792 0.001455920386118095 0.018927174180002598 0.012436347273647643  -0.0060252783078758214 0.0038713964890200454 0.0017705543839916962 -0.002251326743767859 0.010012139052401456 0.0096834455917233619  -0.00095925656179479029 0.0024828486180200221 0.0078799492501134532 -0.0029039467910697077 -8.7107679696760712e-05 0.010103363754209626  0.00098065426590981291 0.00021875303059774702 0.0017062133935557713 -0.0010605664483402124 0.00030559537336353641 0.00022493628972557471  0.0081867777417320136 -0.00071684566617378218 -0.00083764059760348196 -0.0024428635811994332 0.031027250744268649 -0.012195455637902442  -0.0075784808043349383 0.00091973180336274018 -0.0013569467362055802 0.0022823659393883338 -0.0015270853618034178 -0.0054189965081168096  -0.017800718345688867 0.004721341169168022 -0.0040293003348568146 0.0068323380707271588 -0.00048643951602414867 -0.0074996301036320658  0.012433156419332934 -0.0081160893030387642 0.0038484803762963799 -0.011893028502513234 0.0073613134133471208 -0.015199860748361974  
shrinkage=0.04


Tree=43
num_leaves=17
num_cat=0
split_feature=24 2 4 36 66 67 25 21 1 64 27 30 55 34 66 52
split_gain=101797 16549 3335.19 2456.26 2445.34 624.503 475.018 401.738 303.529 66.2151 56.6351 55.7007 29.9226 18.386 5.55524 4.10428
threshold=557.8536600000001 123.32048000000002 34.725625000000008 -55.831754999999987 -26.069550000000007 8.0547400000000042 95.926715000000016 74.676085000000015 11.895775000000002 -0.48451500000000197 13.541360000000003 34.350920000000009 4.6492450000000005 7.2003200000000005 -4.9583950000000003 -1.8811599999999997
decision_type=2 2 2 2 2 2 2 2 2 2 2 2 2 2 2 2
left_child=1 2 8 -3 -5 -4 9 -8 13 -7 12 -12 -10 15 -15 -1
right_child=-2 3 5 4 -6 6 7 -9 10 -11 11 -13 -14 14 -16 -17
leaf_value=-0.33193004520794828 3.9617489518269466 1.1961245148252735 -0.13683814632955024 0.88980870763764119 0.16989717698825824 -0.07663666244025702 0.44435498417013941 0.12424124566783683 -0.094302761694332493 0.064861706967401039 -0.23971264757149574 -0.16327719971215057 -0.19021278853888987 -0.28307548417570844 -0.24038321671327711 -0.29322479650556904
leaf_weight=12.999999999999998 9.9999999999999982 9.9999999999999982 19 13.000000000000002 18 11.000000000000002 10.000000000000002 17 11.000000000000002 9.9999999999999982 56 23 10.999999999999998 18 21 125
leaf_count=13 10 10 19 13 18 11 10 17 11 10 56 23 11 18 21 125
internal_value=0 -0.106191 -0.196537 0.652567 0.473815 0.0566816 0.133492 0.244152 -0.257577 -0.00907885 -0.201679 -0.217744 -0.143082 -0.289319 -0.260863 -0.297138
internal_weight=0 386 345 41 31 67 48 27 278 21 101 79 22 177 39 138
internal_count=396 386 345 41 31 67 48 27 278 21 101 79 22 177 39 138
is_linear=1
leaf_const=-0.29956488682293531 -2.9130405381816997 0.11655455635406727 0.3441111691600367 1.8983795071353009 0.52654654948292867 -0.84736459070839731 -0.56277312589110817 0.085178824124439542 -0.46174509666528146 0.1525591629906228 -0.23333080539447909 -0.15827904866077919 -0.48678906344098899 -0.27009074164619168 -0.20590091457279758 -0.30562781819583695
num_features=6 1 3 4 4 4 6 6 6 6 6 6 6 6 6 6 6
leaf_features=1 2 4 24 34 52  24  2 24 36  2 4 24 67  2 24 36 66  2 24 36 66  2 4 24 25 64 67  2 4 21 24 25 67  2 4 21 24 25 67  1 2 4 24 27 55  2 4 24 25 64 67  1 2 4 24 27 30  1 2 4 24 27 30  1 2 4 24 27 55  1 2 4 24 34 66  1 2 4 24 34 66  1 2 4 24 34 52  
leaf_coeff=-0.00039054295721385306 0.0031226133602743297 0.0031018284090235334 -0.0020490520216652547 -0.0095112990684144468 0.0017707025935811773  0.0080409340512876525  0.010804461460869431 -0.0020917346320657036 0.0076837074789611499  0.0011115196796524715 -0.0070254337092442503 -0.00091575834841566917 0.0059130465068032781  0.0033435661006572981 -0.003812376246575678 0.0045035001263941049 0.010581289707453749  -0.0021131468987967087 -0.0002808803197253585 0.0074987041064566752 0.0033091904512405506  -0.015730888225889663 0.012282818165873051 0.0070597038233460845 0.0049706233226748794 -0.0023765356306116397 0.0022562876566729656  0.018860145306259998 0.0027002525968032745 -0.0050864015614408417 0.0026014859015522879 -0.0028845395718236772 -0.006238670871037401  0.0022529624437535706 0.0024087791914427031 -0.00077222026991899189 0.0002173781894874766 -0.002504920139535139 0.00093093515804203706  0.010899353062575659 0.004905429075872051 -0.011094640058880396 0.0013976836658349259 0.018170085676717813 0.011938892659842397  0.0090597664772368545 0.00045855432314211361 -0.0060859171822698985 -0.0055313041781344472 0.0034256323287784616 0.0028412709635655614  0.0010956324439673718 0.00039741000552883331 0.00033514965782594614 4.3037706436011025e-06 -0.0034228724669008331 0.001302575172323728  -0.0025373725717992238 0.0048742147999482075 -0.00045050677196446293 -0.0023888872497492479 0.0017212113901906826 -5.2122336545088476e-05  0.0078593063628634684 -0.00068817093568931411 -0.00080413499339877087 -0.0023451486436488448 0.029786161457993721 -0.011707638422711997  -0.0072753410851820292 0.0008829425394841885 -0.0013026692578366774 0.0021910714136368476 -0.0014660021524559612 -0.0052022368485303986  -0.017088690323920235 0.0045324873723185995 -0.0038681286435533133 0.0065590444776027655 -0.00046698173211659374 -0.0071996448044110489  0.0036261851595954437 0.0022396453438025569 -0.00084437009934018386 0.0011799502229930072 -0.00066331916017228223 0.00068751011377597324  
shrinkage=0.04


Tree=44
num_leaves=19
num_cat=0
split_feature=24 73 4 37 37 36 68 1 38 1 56 6 27 34 55 34 54 48
split_gain=93815.5 15282.9 2728.54 1785.06 3236.75 724.902 718.072 504.681 288 279.688 175.442 84.9314 52.1644 53.4931 27.5495 16.8929 5.283 3.94516
threshold=557.8536600000001 104.28581852851867 34.725625000000008 61.022744999999993 95.023250000000019 22.947295000000015 2.7495999999999996 87.719700000000003 -21.038319999999995 11.895775000000002 8.0220300000000027 48.010770000000008 13.541360000000003 17.472790000000007 4.6492450000000005 7.2003200000000005 -3.4928100000000004 1.1880100000000005
decision_type=2 2 2 2 2 2 2 2 2 2 2 2 2 2 2 2 2 2
left_child=1 2 9 5 -5 -3 7 11 -8 15 -10 -4 14 -14 -11 17 -17 -1
right_child=-2 3 6 4 -6 -7 8 -9 10 12 -12 -13 13 -15 -16 16 -18 -19
leaf_value=-0.28857532867138913 3.8032631162133557 0.16375213631501434 -0.0077075790499781666 1.3300476921356474 0.33280224667917396 0.61059184083844187 -0.25336064699533828 0.41360884430384887 0.10832287876455633 -0.090516235409556195 -0.12206728420635264 0.15254898933490907 -0.27605317785132749 -0.19153761332306132 -0.18258986095050439 -0.26515638556613397 -0.22214020505864576 -0.25102167464394615
leaf_weight=125 9.9999999999999982 14.000000000000002 11.000000000000005 11.000000000000002 9.9999999999999982 9.9999999999999982 10.999999999999998 9.9999999999999982 11.000000000000002 11.000000000000002 9.9999999999999982 9.9999999999999982 15.999999999999998 63 10.999999999999998 25 13.999999999999998 12.999999999999998
leaf_count=125 10 14 11 11 10 10 11 10 11 11 10 10 16 63 11 25 14 13
internal_value=0 -0.101943 -0.193424 0.590082 0.859186 0.351862 0.0441496 0.181114 -0.0885607 -0.247273 -0.00125572 0.0687768 -0.19361 -0.209033 -0.137352 -0.277746 -0.250425 -0.285251
internal_weight=0 386 341 45 21 24 63 31 32 278 21 21 101 79 22 177 39 138
internal_count=396 386 341 45 21 24 63 31 32 278 21 21 101 79 22 177 39 138
is_linear=1
leaf_const=-0.2889978163157132 -2.7965192028522603 1.1749253712373851 -0.96674026188412043 -1.6387145566878738 0.36086549912108529 -1.1246550747624771 -1.2023318307507727 -1.4616772814309846 0.089068167396699233 -0.50065858884139525 -0.30864228161110907 0.47002404172825446 -0.45504756670450214 -0.24342782558311146 -0.48193838050118992 -0.22971026674648445 -0.25014094224984551 -0.25191702166968133
num_features=6 1 4 6 3 3 4 5 5 6 6 6 6 6 6 6 6 6 6
leaf_features=1 4 24 34 48 73  24  24 36 37 73  1 4 6 24 68 73  24 37 73  24 37 73  24 36 37 73  4 24 38 68 73  1 4 24 68 73  4 24 38 56 68 73  1 4 24 27 55 73  4 24 38 56 68 73  1 4 6 24 68 73  1 4 24 27 34 73  1 4 24 27 34 73  1 4 24 27 55 73  1 4 24 34 54 73  1 4 24 34 54 73  1 4 24 34 48 73  
leaf_coeff=-0.00054230368251576835 -0.0012909384036820096 0.00062051950131321483 -0.0035061649258424951 0.0035738260146109999 0.0060161201767019324  0.0077192969798131695  0.00018935016792077046 0.0010377998867267947 -0.016092171424389276 -0.0031509764855291449  -0.0057949693785758682 0.018263932836027855 -0.013773530517774362 0.0023577064931642562 0.0061262522007842673 0.018339844537473469  -0.00013491529917248894 0.024861434237950709 0.0059317709294163749  8.9931546676496623e-05 -0.0041332205963326716 0.0023071486300531834  0.00029152599153739803 -0.0044048787035584486 -0.0066221719290443931 0.014404468029912397  0.00080843373799166301 -0.0047529692627252653 -0.054455599685755168 0.00026319240569654405 -0.003953612552492337  0.0066239315107075938 0.0037098808613177077 -0.004328769217640166 -0.0023513900764714005 0.017571742116151302  -0.0022079313649592575 -0.00070821421745727265 0.00081926831423602148 0.0013709716584507483 0.0037294185100348373 0.0027534417503906998  0.01286038685533555 -0.0073740566209964803 0.0046864126320178565 0.013250294305229889 0.01972378178198142 -0.00011794465158999403  0.0072311527729753394 0.0025724979333455245 -0.0079037744493229926 -0.0054278456083420544 -0.0040296149462374599 -0.0050691983986577349  -0.001905667963712379 -0.0070835422978611463 0.0018549900073802598 -0.0016650280131380948 -0.0064895777017847604 0.0037873572101357984  0.0040030817361143538 0.009725881940609471 -0.0018745502135758233 0.00056855726744153411 0.0075197559238961292 -0.0091785872272580372  -0.00054458630863538039 -0.00039739299873699181 -0.00087826505291372498 5.1346509011172004e-05 -0.00026903116773421506 0.0050843167355941977  0.0062605103909057127 -0.0068433866817832357 -0.0038651732324925365 0.024068579130248798 -0.0096198241229650816 0.012264483029795586  -0.0027418429713354448 -0.0036201670178901508 0.0021031324403530598 -0.0024457548764991103 -0.0013931877460057688 0.0023595429539081717  -0.014127106821000235 0.0046749526540390829 0.0048752969260006471 -0.00065159793078982463 -0.0037696315685916745 0.0075872991667160338  0.002242402889927924 -0.005233107247934435 -0.020178892838579404 -0.00097262917293598164 -0.012498616047253963 0.033477913252597989  
shrinkage=0.04


Tree=45
num_leaves=13
num_cat=0
split_feature=12 61 32 55 16 73 64 39 49 1 28 62
split_gain=79090.1 17790.8 6175 3390.5 2565.48 641.826 477.653 166.46 70.902 51.1572 41.6661 6.0157
threshold=440.38367000000005 128.39300500000002 84.141870000000026 113.28549000000001 149.83777000000001 15.924635946741008 -3.4427449999999999 17.339080000000006 -6.1756049999999991 8.6893650000000022 10.877485000000002 0.24326000000000006
decision_type=2 2 2 2 2 2 2 2 2 2 2 2
left_child=1 2 5 4 6 9 -4 8 -7 11 -11 -1
right_child=-2 -3 3 -5 -6 7 -8 -9 -10 10 -12 -13
leaf_value=-0.27984623920386836 3.4929814155503078 1.35490373480411 0.007399247375153406 -0.37844461515915306 0.87527170701460422 -0.19985541128666603 0.30860815576497946 0.012548426872975121 -0.12365640816208177 -0.18468180807157497 -0.25717472082752724 -0.25691099430280995
leaf_weight=92 9.9999999999999982 12.999999999999998 12.999999999999995 11.999999999999998 11.999999999999998 32 24.000000000000004 10.999999999999998 54 26 30 60
leaf_count=92 10 13 13 12 12 32 24 11 54 26 30 60
internal_value=0 -0.0935109 -0.145324 0.221768 0.369311 -0.218804 0.203191 -0.133531 -0.152255 -0.258469 -0.223978 -0.270994
internal_weight=0 379 366 61 49 305 37 97 86 208 56 152
internal_count=389 379 366 61 49 305 37 97 86 208 56 152
is_linear=1
leaf_const=-0.28329615505598993 0.032639317055322872 1.9851174558578286 -0.47259102294753486 0.98054120610531548 -0.27156417162309715 -0.29653393881331547 -0.11459287045399721 -0.5417723414478578 -0.14128498321480112 -0.32025288198974189 -0.16582366717534344 -0.26981780033263397
num_features=6 1 2 6 4 5 6 6 5 6 6 6 6
leaf_features=1 12 32 61 62 73  12  12 61  12 16 32 55 61 64  12 32 55 61  12 16 32 55 61  12 32 39 49 61 73  12 16 32 55 61 64  12 32 39 61 73  12 32 39 49 61 73  1 12 28 32 61 73  1 12 28 32 61 73  1 12 32 61 62 73  
leaf_coeff=0.0023150044963368369 0.0020384846412517502 -0.004365450554963895 -0.0015635064983502203 -0.0034028230554286861 0.0063526093631509333  0.0048231540389766653  -0.0034402346724435079 0.0010178169681676066  -0.0030935566932489668 0.010098495865627482 0.00054192950047006775 -0.0051660941505916732 -0.0026747518647119144 -0.0033756312412207496  0.0059643510409769984 -0.0056964533015393436 -0.001415140041882104 0.0073393633885205246  -0.0016572057516801844 0.0088275635988182832 -0.001920020124595883 0.0018875126795109658 -0.00053389310477890649  -0.00015880083227083012 0.0016610956910651713 0.0059864154601342069 -0.0031864922349247498 -0.0047260271465144766 0.0012687866095088475  -0.0030762631096178804 0.0045269467552135683 0.0015427637124869767 0.001221093416971583 0.0025802792950509849 -0.0015356332292128919  0.00066764120842738653 -0.00055044580331763474 -0.00024877680772190106 -0.0077470099190339037 0.01465194343824665  -0.0014439423790130049 -0.0019438636654785606 -0.0054156252630750178 -0.0024636807433563277 0.0024057808849496623 0.003914979828942987  0.0019213947093255261 -0.01341069012332839 -0.00087740323310626434 3.2981774638756184e-05 -0.0016191852147823486 0.022675342593123385  -0.0075434979099585622 -0.00052118954531193756 -0.00076874630155627361 -0.0013503295594742507 -0.0014432300327711781 0.0060355593510421825  -0.0028759009944428022 0.000324064895756453 -0.0025218862595202036 -3.7972649870186014e-05 -0.0017936770478197775 0.011996729949030211  
shrinkage=0.04


Tree=46
num_leaves=13
num_cat=0
split_feature=12 61 32 55 16 73 64 39 45 1 29 62
split_gain=72888.8 16395.7 5690.82 3124.58 2364.21 591.979 440.183 149.842 76.2159 52.4108 36.8247 5.49304
threshold=440.38367000000005 128.39300500000002 84.141870000000026 113.28549000000001 149.83777000000001 16.064923274814348 -3.4427449999999999 17.339080000000006 -3.8555399999999995 8.6893650000000022 17.615660000000002 0.24326000000000006
decision_type=2 2 2 2 2 2 2 2 2 2 2 2
left_child=1 2 5 4 6 9 -4 8 -7 11 -11 -1
right_child=-2 -3 3 -5 -6 7 -8 -9 -10 10 -12 -13
leaf_value=-0.26865065173916403 3.3532463863108424 1.3006953868065172 0.0070910601033509256 -0.36329360075233402 0.84024760159579204 -0.050379805924478653 0.29625718553036579 0.012032073768409526 -0.16041191199199731 -0.19122526328929151 -0.26324811039708601 -0.24663189169174424
leaf_weight=92 9.9999999999999982 12.999999999999998 12.999999999999995 11.999999999999998 11.999999999999998 11.999999999999998 24.000000000000004 10.999999999999998 71 41 18 60
leaf_count=92 10 13 13 12 12 12 24 11 71 41 18 60
internal_value=0 -0.0897701 -0.139511 0.212894 0.354535 -0.210052 0.195059 -0.126263 -0.144632 -0.247283 -0.213674 -0.260153
internal_weight=0 379 366 61 49 305 37 94 83 211 59 152
internal_count=389 379 366 61 49 305 37 94 83 211 59 152
is_linear=1
leaf_const=-0.27196430756799073 0.031333649831963163 1.9057127895496619 -0.45368738995237834 0.94131953858026762 -0.2607015884049429 -0.042839009605012857 -0.11000913936449594 -0.5201014584727679 -0.14583433592101716 -0.28582028752724004 -0.2350132433606405 -0.25902508795448514
num_features=6 1 2 6 4 5 6 6 5 6 6 6 6
leaf_features=1 12 32 61 62 73  12  12 61  12 16 32 55 61 64  12 32 55 61  12 16 32 55 61  12 32 39 45 61 73  12 16 32 55 61 64  12 32 39 61 73  12 32 39 45 61 73  1 12 29 32 61 73  1 12 29 32 61 73  1 12 32 61 62 73  
leaf_coeff=0.0022224048606877037 0.0019569447834412571 -0.0041908326553503636 -0.0015009660332795075 -0.0032667109153725091 0.006098504472869669  0.0046302281039691589  -0.003302625537808837 0.00097710449976406554  -0.0029698146966025876 0.0096945561674367832 0.00052025247627288573 -0.0049594505002968879 -0.0025677619865383965 -0.0032406060741552644  0.0057257769406807322 -0.0054685951040382517 -0.0013585343902790261 0.0070457886246894407  -0.0015909169468935505 0.0084744606418673315 -0.0018432194408931515 0.0018120114869669449 -0.0005125374644961479  6.6655269231428565e-05 -0.0021453733004535552 -0.00084276690559323538 0.022825562299655159 -0.0049432008267754676 0.0082219035642904174  -0.002953212622653194 0.0043458686956214581 0.0014810530942952597 0.0011722498907909937 0.002477068099505382 -0.0014742079078957284  0.00064093578809500855 -0.00052842803299242135 -0.00023882557161155065 -0.0074371298506181755 0.014065865688188683  -0.0026929966436785519 -4.8345192212819749e-05 0.00083537425676799136 0.0019520205835150772 -0.0012298180272866991 0.0018275158850650367  0.0020105520501145693 -0.0077822564674166119 0.005553381319177683 -0.0020375129378835061 0.0034288485046265389 0.0093847160812859463  -0.0045227562188169751 0.0012249394712283482 -0.0014589233857955999 0.00010904705687151408 -0.0012637879320985747 0.0046172552653642651  -0.00276086491371685 0.00031110296371532846 -0.0024210098895235538 -3.6453605214346051e-05 -0.0017219299093502731 0.011516858392783  
shrinkage=0.04


Tree=47
num_leaves=14
num_cat=0
split_feature=12 61 3 55 16 23 73 35 17 34 1 27 56
split_gain=67173.6 15110 5003.51 2076.17 2999.29 690.334 360.446 75.9141 92.2274 69.7498 43.3785 39.3774 5.13948
threshold=440.38367000000005 128.39300500000002 37.252075000000005 113.28549000000001 149.83777000000001 98.484580000000008 15.924635946741008 -5.0486550000000001 22.328390000000002 31.711510000000001 8.6893650000000022 17.128550000000001 -0.92612499999999964
decision_type=2 2 2 2 2 2 2 2 2 2 2 2 2
left_child=1 2 6 4 5 -4 10 9 -9 -8 12 -12 -1
right_child=-2 -3 3 -5 -6 -7 7 8 -10 -11 11 -13 -14
leaf_value=-0.23056503187217608 3.2191007232666022 1.24865532884161 -0.023286926922519595 -0.35401258477219599 0.80662447882092703 0.2630445376715338 -0.15870722566852133 -0.08846053946439339 -0.20625875635230997 -0.036724382757481952 -0.18281161421705089 -0.25891531090987363 -0.25524796833654029
leaf_weight=35 9.9999999999999982 12.999999999999998 29 10.999999999999998 11.999999999999998 25 13.000000000000002 15.999999999999998 34 18 39 17 117
leaf_count=35 10 13 29 11 12 25 13 16 34 18 39 17 117
internal_value=0 -0.0861788 -0.13393 0.152417 0.237291 0.109441 -0.210263 -0.138267 -0.168895 -0.0883529 -0.238202 -0.206406 -0.249746
internal_weight=0 379 366 77 66 54 289 81 50 31 208 56 152
internal_count=389 379 366 77 66 54 289 81 50 31 208 56 152
is_linear=1
leaf_const=-0.25867586016002125 0.030080194495374149 1.8294842469244581 0.17946902760267328 0.19276161410718093 -0.027268274276141261 0.36817146741319456 -0.068620414687899839 -0.51177758370662119 -0.25518237438214958 -0.063048623506742424 -0.2264101483949543 -0.2283449004235627 -0.25544094857242389
num_features=6 1 2 6 4 5 6 6 6 6 6 6 6 6
leaf_features=1 3 12 56 61 73  12  12 61  3 12 16 23 55 61  3 12 55 61  3 12 16 55 61  3 12 16 23 55 61  3 12 34 35 61 73  3 12 17 35 61 73  3 12 17 35 61 73  3 12 34 35 61 73  1 3 12 27 61 73  1 3 12 27 61 73  1 3 12 56 61 73  
leaf_coeff=0.0023159018408612478 -0.011067231102402177 -0.0095072707490202312 0.0045634995994738867 -0.0008295832830816876 0.022472509950476015  0.0044450191780468079  -0.0031705203129156262 0.0009380200965266374  -0.004261520542960525 0.0033417543409752322 0.0035081938599640355 -0.0040374442542033401 -0.0019587899590068287 -0.001125543394895609  -0.0070040142593419787 -0.00074308362277757741 0.0024363270759502759 0.0094236680807872689  -0.0082467843723145438 2.0692865694051937e-05 0.0079828730344081496 0.0022285888999442377 0.0023187966073429612  -0.00011401569795526536 -0.0019481024747206215 0.00038358534518451398 0.00029358906079309806 -0.00021572956383397295 0.0017421136955229558  -0.0017157141974582849 0.0021476805706488961 0.0088553538994400258 0.0023554723315040876 0.013640453911470821 -0.017709055142014186  0.0027296756738295976 -0.0043325713255401984 -0.0074944250615380983 0.0048719217315324678 0.013852276266025552 0.025892779898708161  -0.0022472990426170908 0.0018397987579987878 -0.001355364704292841 0.0046604137776938004 -9.9952178168885035e-05 0.0029573939385591436  5.5399680800860566e-06 -0.0051733331245528459 -0.0003866958493474782 -0.0053030626841384073 0.00055296388482210205 0.0045244191567520497  -0.0050071897729711354 0.0033241788007928323 -0.012568260715320554 -0.00077900348546689824 0.0020653181724390149 0.018371480216088722  -0.0020838515403206696 -0.00027164251947565894 0.0023384542144134907 0.00086041017622072522 -0.00112336689219676 -0.0038550617260881387  0.00072386172118023685 -0.0039368527645631179 0.0029736267997222936 0.0024907208295926967 -0.0036952397105773013 -7.4395685111470223e-05  
shrinkage=0.04


Tree=48
num_leaves=17
num_cat=0
split_feature=2 27 61 9 1 66 39 26 1 56 27 34 19 1 62 20
split_gain=62423.2 13574.4 4105.56 4604.91 2157.49 508.923 429.136 283.469 265.978 219.266 58.1381 112.018 42.0431 13.9076 5.13888 4.83637
threshold=385.39024000000006 161.52331000000001 1.3829400000000005 187.24473500000002 43.735185000000008 -22.196344999999997 -1.1573299999999989 130.33808000000002 12.509285000000002 10.671825000000004 14.575140000000003 31.711510000000001 14.704620000000002 8.6893650000000022 0.24326000000000006 16.312160000000002
decision_type=2 2 2 2 2 2 2 2 2 2 2 2 2 2 2 2
left_child=1 4 -3 -4 8 7 9 -6 13 -7 12 -12 -10 14 -1 -15
right_child=-2 2 3 -5 5 6 -8 -9 10 -11 11 -13 -14 15 -16 -17
leaf_value=-0.24783152323853583 3.1031895421283089 0.081581476779023485 0.41674290485210241 1.577336431279913 0.051712006951166574 -0.017503103907849336 0.12687603802080977 0.32178627441857616 -0.14403507102009475 -0.26483985301876867 -0.21468743192894729 -0.1151704783724154 -0.040122777470597289 -0.18166169213910474 -0.22701573357605895 -0.22626820091072844
leaf_weight=94 9.9999999999999982 11.999999999999998 11.000000000000002 10.999999999999998 12.000000000000002 11.000000000000002 14.999999999999998 12.999999999999998 15.000000000000002 11.999999999999998 42 33 10.999999999999998 14.000000000000002 60 12.999999999999998
leaf_count=94 10 12 11 11 12 11 15 13 15 12 42 33 11 14 60 13
internal_value=0 -0.0830741 0.678282 1.00173 -0.158293 0.0532187 -0.0389244 0.193032 -0.205562 -0.147309 -0.153143 -0.171165 -0.100548 -0.234689 -0.2399 -0.204042
internal_weight=0 379 34 22 345 63 38 25 282 23 101 75 26 181 154 27
internal_count=389 379 34 22 345 63 38 25 282 23 101 75 26 181 154 27
is_linear=1
leaf_const=-0.25071644947096877 -1.2523415707395908 1.9682034356786022 1.0046418142900941 1.5440311713296253 0.15340512288134012 -0.66767017939880235 0.16015391069812882 0.75212461173611711 -0.43620215777752275 -0.61451001026452057 -0.17885429556552371 -0.049691088092746451 -0.62251621662848167 -0.25393266504863737 -0.24059247640481152 -0.21040472139572561
num_features=4 1 3 4 4 5 6 5 5 4 6 4 4 4 4 4 4
leaf_features=1 2 27 62  2  2 27 61  2 9 27 61  2 9 27 61  1 2 26 27 66  1 2 27 39 56 66  1 2 27 39 66  1 2 26 27 66  1 2 19 27  1 2 27 39 56 66  1 2 27 34  1 2 27 34  1 2 19 27  1 2 20 27  1 2 27 62  1 2 20 27  
leaf_coeff=0.0015260212111699904 0.00030634053937731668 -0.00064638377306805558 -0.0003121333085061285  0.0067394894184116452  -0.0011303005216220035 -0.0071895000418742833 -0.016254211275443263  0.00059749344989037847 0.0068523126923462395 -0.005924495224698686 -0.0028878420504421824  0.0067764790826751499 -0.0037913976729953454 -0.0018712049898790188 -0.0011793326414474593  -0.00025625351295347214 -0.0052771476263683966 0.0026718643327791076 -0.00063599793373382411 -0.0022862354386439855  0.0056339443387979082 0.0034450579553688583 -0.0010311827321768559 -0.010508110449873842 0.0033727139317708626 -0.0093320913550949507  0.0069600191436088431 -0.0031122132873461525 -0.0027129238110826077 -0.008374199374306536 0.0082782744496954809  0.0048447404271424518 -0.0040486783389273211 -0.0024460575027262805 -0.0023222449362897816 -0.0033978180889025471  0.015315301123604288 -0.0086434260587442066 0.0020935727628555514 0.012456734034727079  0.0053512174613187967 -0.010608258679482471 0.0034612213986179538 -0.0048202999579042829 0.01108678312423938 -0.0092615354558100872  -0.0029856527929860914 0.00074304018523138745 -0.0030014966762763524 0.0035928740361548788  0.00019263548895144926 0.0012001180166733353 -0.0009774180313049947 -0.0015131776349477557  -0.0067373986044780504 0.028191697027159235 -0.0019704800933999069 0.025698922965737201  0.010446467170534109 -0.0033253465180625957 0.00057978637490226255 -0.00054779856020435789  0.00056913722382148548 0.0062995608047595932 -0.0020010151773509626 0.0011199226950896703  -0.0086700960112159487 0.0075333330821411 -0.00077203960555841903 0.00094124880501784264  
shrinkage=0.04


Tree=49
num_leaves=16
num_cat=0
split_feature=2 27 61 9 1 47 29 1 39 27 34 19 22 39 62
split_gain=57528.6 12510 3783.6 4243.69 1988.32 530.673 777.494 245.091 153.498 53.5573 103.205 38.7309 13.1255 10.4085 6.11371
threshold=385.39024000000006 161.52331000000001 1.3829400000000005 187.24473500000002 43.735185000000008 -18.039885000000002 141.85761500000004 12.509285000000002 -1.1573299999999989 14.575140000000003 31.711510000000001 14.704620000000002 9.5243100000000016 -0.83204999999999985 0.8414749999999992
decision_type=2 2 2 2 2 2 2 2 2 2 2 2 2 2 2
left_child=1 4 -3 -4 7 -6 8 12 -7 11 -11 -9 14 -14 -1
right_child=-2 2 3 -5 5 6 -8 9 -10 10 -12 -13 13 -15 -16
leaf_value=-0.23686020360260965 2.9790460991151271 0.078304992707307688 0.40005877778336801 1.514228516312333 -0.17558261481860213 -0.032878390958695006 0.42396539417823953 -0.13826307275338678 0.12658783632776011 -0.20609613350621317 -0.11055882584900116 -0.038503449757893889 -0.23385181048968898 -0.17865481652354745 -0.21219647852237017
leaf_weight=112 9.9999999999999982 11.999999999999998 11.000000000000002 10.999999999999998 12.999999999999998 23.999999999999996 9.9999999999999982 15.000000000000002 16.000000000000004 42 33 10.999999999999998 10.999999999999998 21 37
leaf_count=112 10 12 11 11 13 24 10 15 16 42 33 11 11 21 37
internal_value=0 -0.0797507 0.651146 0.961656 -0.151961 0.0510874 0.110334 -0.197339 0.030965 -0.147016 -0.164316 -0.0965196 -0.2253 -0.198423 -0.230909
internal_weight=0 379 34 22 345 63 50 282 40 101 75 26 181 32 149
internal_count=389 379 34 22 345 63 50 282 40 101 75 26 181 32 149
is_linear=1
leaf_const=-0.23736924675690288 -1.2022479529785599 1.8894753191091065 0.96445621994008912 1.4822698935289376 -0.3108642636357184 -0.2106481345309035 0.48168720675155791 -0.41875407152211785 0.34154868059138044 -0.17170011432810842 -0.047703440966650426 -0.59761557498002971 -0.16309265786360361 -0.13702045712122302 -0.21349723685608812
num_features=5 1 3 4 4 4 6 5 4 6 4 4 4 5 5 5
leaf_features=1 2 22 27 62  2  2 27 61  2 9 27 61  2 9 27 61  1 2 27 47  1 2 27 29 39 47  1 2 27 29 47  1 2 19 27  1 2 27 29 39 47  1 2 27 34  1 2 27 34  1 2 19 27  1 2 22 27 39  1 2 22 27 39  1 2 22 27 62  
leaf_coeff=-0.00024682447623346264 0.00055610919833208442 -0.00056645228506404534 0.00091676561307089358 0.0013783039410644052  0.0064699098802769644  -0.0010850886336950328 -0.0069019200408684395 -0.015604042860607435  0.00057359368872536912 0.0065782196981230548 -0.0056875154427458059 -0.0027723283474066569  0.006505420408583637 -0.0036397419059473186 -0.0017963569722594744 -0.0011321596433116101  -0.0028484660683273373 -0.0058497218454274845 0.0058656957410821694 -0.0095053296922242882  0.0058237965398267007 -0.0027620336794539802 0.00039198802330504568 -0.00077506015938580376 0.0023157953611861841 -0.001633297939209969  0.0028709792929972272 -0.00015851051213625848 0.0005261480269719333 -0.0024303458681612972 -0.00068935199086194397  0.014702689305899458 -0.0082976892873733478 0.0020098299570894267 0.011958464455668649  -0.0013506891344579905 -0.0014322086421255423 0.0054066307661519881 -0.0030818215888173666 -0.003283838929234758 0.0014576410318021906  -0.00286622656356693 0.0007133183356266583 -0.0028814371298617487 0.0034491590813234838  0.00018492984194824928 0.0011521132311885964 -0.00093832116697171693 -0.0014526505416158934  -0.0064679024824714892 0.02706402890585392 -0.0018916604047333155 0.024670966009099477  -0.011256406627368636 0.0037272337698448605 -0.00013170604585049264 -0.0029918660295040317 -0.0052056164165529863  -0.0045535904494616742 0.0082626319294546498 0.00082768296653192421 -0.0058990812692678333 -0.0066252512314860122  -0.00090132826605372274 0.011091085364251053 -0.0035106559853165472 -0.0034176453325253414 0.00033593232104894903  
shrinkage=0.04


Tree=50
num_leaves=17
num_cat=0
split_feature=50 12 55 37 0 64 9 38 1 15 65 54 44 22 48 43
split_gain=61022.9 10950 3644.21 3979.74 1485.45 433.581 417.713 299.681 193.625 111.293 75.9824 70.3471 39.5749 10.4036 6.34019 6.30435
threshold=78.207640000000026 110.89821000000002 5.874665000000002 95.023250000000019 37.576050000000002 -3.4427449999999999 72.912965000000014 -18.844284999999989 11.895775000000002 62.333160000000007 4.9449499999999995 -0.65140499999999979 9.2557749999999999 9.5243100000000016 0.75395500000000004 2.6214700000000004
decision_type=2 2 2 2 2 2 2 2 2 2 2 2 2 2 2 2
left_child=1 4 -3 -4 8 7 9 -6 13 -7 12 -12 -10 14 -1 -15
right_child=-2 2 3 -5 5 6 -8 -9 10 -11 11 -13 -14 15 -16 -17
leaf_value=-0.22618602910459679 3.0718352908899296 1.1611934958213619 0.78300965017523638 -0.29302165021990795 -0.27497330122654984 0.071919665551400391 0.24660646301606748 0 -0.15589257138610538 -0.11153016289050628 -0.134401773886658 -0.0051226111685875632 -0.2448621538369963 -0.17478625008122839 -0.19348966566897233 -0.21981183721999498
leaf_weight=122 9.9999999999999982 11.999999999999998 12.000000000000002 9.9999999999999982 10.000000000000002 11.000000000000002 18 17 55 9.9999999999999982 21.000000000000004 9.9999999999999982 9.9999999999999982 20 18 11.999999999999998
leaf_count=122 10 12 12 10 10 11 18 17 55 10 21 10 10 20 18 12
internal_value=0 -0.0797097 0.603089 0.294611 -0.149388 0.0205195 0.105765 -0.102402 -0.191238 -0.0153624 -0.14529 -0.092978 -0.169997 -0.21676 -0.222152 -0.192428
internal_weight=0 368 34 22 334 66 39 27 268 21 96 31 65 172 140 32
internal_count=378 368 34 22 334 66 39 27 268 21 96 31 65 172 140 32
is_linear=1
leaf_const=-0.22533203721641226 0.30133851040482346 -0.7272206965808552 0.30310886434394896 0.35205656301944155 -0.40571733398680698 -0.33130502028330633 0.48915930090113996 -0.27147888510593404 -0.15504609708675349 0.17773782746210945 -0.10972706561055107 -0.063654561586225969 -0.30392956209903449 -0.16524255434153137 -0.2185302877145387 -0.2464981711846122
num_features=6 1 3 4 4 5 6 5 5 6 6 6 6 6 6 6 6
leaf_features=0 1 12 22 48 50  50  12 50 55  12 37 50 55  12 37 50 55  0 12 38 50 64  0 9 12 15 50 64  0 9 12 50 64  0 12 38 50 64  0 1 12 44 50 65  0 9 12 15 50 64  0 1 12 50 54 65  0 1 12 50 54 65  0 1 12 44 50 65  0 1 12 22 43 50  0 1 12 22 48 50  0 1 12 22 43 50  
leaf_coeff=-0.0003046632928464044 0.0010176792098198881 0.003390907380730202 -0.0032733605018680661 -0.00086697208065193449 0.00018331445707087116  0.014746755029790351  0.0089754957638471054 -0.013755394341906309 0.0027819733116883688  -0.0009889892264978075 0.0091950703596266267 -0.0068298611568538758 0.0018854151922690935  -0.0032938369055423218 0.006820751748643771 -0.0029528913605170143 -0.0058728283690436612  -0.0028180936213265898 -0.0047370591792556989 -0.021333679588992075 0.022554832286885644 0.0034640895599975705  0.0023635317142700757 0.0037194044535314857 0.0076586020694964863 -0.0042609120587574273 0.0015997341918490718 -0.0033522643022151754  0.0040645516169618943 -0.0092736563162652275 0.003415927301788618 -0.0019066742160254036 0.00058159166627205674  0.0025172351471168929 0.0021424310043136668 -0.0046040332178539844 -0.0044314923306967516 0.0024013995973926052  -0.00059985994051882775 0.0016129865041024476 -0.0013684258935660345 0.0011334926298634108 -0.0013975325106494443 -0.0015447479536331923  -0.0045898262558611257 0.0055435661377277257 0.0017039614897962467 -0.0065610724028476331 0.0069109619242070297 0.0035503848508865151  -0.00052102500733292706 -0.0038995293811574534 0.0016904445393298765 0.0001393386565541649 -0.0055162521966666813 -0.0023100144258643689  -0.0035225664512609661 0.012683950311587375 -0.012546940656508168 0.00099387927552263165 -0.0013237551286840875 0.00011188501342002169  0.0018010787090364036 0.0032855092804410374 -0.00012581288965529683 -0.0052940872123278396 0.0051125277178590131 -0.004114478804630518  -0.00039278084104267037 0.0043142021524970181 -0.0050554367754647358 -0.0001861296145034608 0.0010335600328451025 -0.00069821323570133501  0.003491269216363487 0.006074471559461384 -0.0066896249027872667 -0.0029770661914681547 0.014032747538983589 0.0012937920323027544  0.010997272423302109 -0.012188069393962452 0.0049419230940481651 0.00052272218630733402 -0.0024960429567433455 -0.0025655183476740013  
shrinkage=0.04


Tree=51
num_leaves=11
num_cat=0
split_feature=3 61 0 54 12 22 42 1 19 0
split_gain=59792.3 10555.4 3113.61 1499.71 1146.34 560.698 254.506 216.652 127.959 9.66
threshold=262.40077500000001 115.06748500000002 77.25321000000001 -73.779689999999974 110.89821000000002 62.959025000000004 -2.3582200000000038 11.895775000000002 57.239245000000011 8.0673350000000017
decision_type=2 2 2 2 2 2 2 2 2 2
left_child=1 2 5 -4 -5 7 -7 9 -9 -1
right_child=-2 -3 3 4 -6 6 -8 8 -10 -11
leaf_value=-0.21266162675182601 3.040571304925598 1.0828238436801376 -0.19998679957113979 0.10531847121515825 0.56508354198858612 -0.10567598516608141 0.16514523746731047 -0.12340444368424586 -0.27353773681244054 -0.18154039368318878
leaf_weight=146 9.9999999999999982 11.999999999999998 11.999999999999998 19 15.999999999999998 11.000000000000002 10.999999999999998 105 9.9999999999999982 26
leaf_count=146 10 12 12 19 16 11 11 105 10 26
internal_value=0 -0.0790349 -0.118503 0.184492 0.316622 -0.164647 0.0296882 -0.179563 -0.136721 -0.208089
internal_weight=0 368 356 47 35 309 22 287 115 172
internal_count=378 368 356 47 35 309 22 287 115 172
is_linear=1
leaf_const=-0.21629031230071019 -0.43277317269654314 -0.45820409159326353 -0.098409183112465839 -0.075174767233097572 1.0976937134799849 0.039803909432976077 0.34653038878664694 -0.20586939472571592 0.2212408772583945 -0.22401253221633854
num_features=5 1 2 4 5 5 5 5 6 6 5
leaf_features=0 1 3 22 61  3  3 61  0 3 54 61  0 3 12 54 61  0 3 12 54 61  0 3 22 42 61  0 3 22 42 61  0 1 3 19 22 61  0 1 3 19 22 61  0 1 3 22 61  
leaf_coeff=0.0026556915929862785 0.0025944531833136525 -0.0030759091973664092 -0.00052057241785508535 -0.00062296686940450333  0.0072476819284894769  0.013730150915104693 -0.0034535183035181711  -0.0027547158527392122 0.00035081230555123252 -0.0020021546588227484 0.0097377204824387522  0.0036329284249403591 0.0016256385445201635 -0.004247101789100198 -0.0012295214592916123 0.00011568769235194678  0.00090355245608967477 0.0021968212037585394 -0.0042921347992765308 0.0099134906776103433 0.00084824634950011037  -0.0021045235661529917 0.0034612678272547379 -0.0020754778309699522 0.00012771638800887833 -0.0016873002983737709  -0.0065734976716265081 0.0021813649700484976 -0.00035715278651762724 0.0019809789702541821 0.0031988854649156492  -0.00017885323629819027 0.004543469153903368 7.6837671530483059e-05 -0.0031789710694258818 0.0011827425321542298 0.0032681055375902487  0.011338833631913212 -0.0015211953714435646 -0.00080776687197621673 -0.0056480265496705248 -0.0099995279802646501 0.0051601741572960477  0.004426567483571767 0.0024310270044892949 -0.0031534837328276318 -0.00016916482290594507 -0.00097343633561628807  
shrinkage=0.04


Tree=52
num_leaves=11
num_cat=0
split_feature=3 61 0 51 60 22 36 1 68 22
split_gain=55104 9727.67 2869.46 1425.74 826.463 517.465 197.265 187.662 104.338 8.98223
threshold=262.40077500000001 115.06748500000002 77.25321000000001 -26.395610000000008 12.491715000000005 56.713070000000009 9.4418749999999978 11.895775000000002 -17.367344999999997 9.5243100000000016
decision_type=2 2 2 2 2 2 2 2 2 2
left_child=1 2 5 -4 -5 7 -7 9 -9 -1
right_child=-2 -3 3 4 -6 6 -8 8 -10 -11
leaf_value=-0.20477804178514286 2.9189326235327395 1.0394976738858817 -0.16013962709311902 0.13610687771554811 0.53882637207871253 -0.075220028043582729 0.15311088671778691 -0.025632570426882686 -0.14676108156531059 -0.17713462722635717
leaf_weight=140 9.9999999999999982 11.999999999999998 13.999999999999998 18 14.999999999999998 15.000000000000002 9.9999999999999982 12.999999999999998 99 32
leaf_count=140 10 12 14 18 15 15 10 13 99 32
internal_value=0 -0.0758731 -0.113762 0.177109 0.320357 -0.158061 0.0161991 -0.173415 -0.132773 -0.199764
internal_weight=0 368 356 47 33 309 25 284 112 172
internal_count=378 368 356 47 33 309 25 284 112 172
is_linear=1
leaf_const=-0.20695912535843694 -0.41546213841187646 -0.43987595231256826 -0.51787065840398649 0.15760170866326861 -0.62597065254232698 -0.37938844092491769 0.21402963110244971 -0.047286475557718297 -0.1198925711490948 -0.1448234407024154
num_features=5 1 2 4 5 5 5 5 6 6 5
leaf_features=0 1 3 22 61  3  3 61  0 3 51 61  0 3 51 60 61  0 3 51 60 61  0 3 22 36 61  0 3 22 36 61  0 1 3 22 61 68  0 1 3 22 61 68  0 1 3 22 61  
leaf_coeff=0.0027221261932320199 0.0031823820256294409 -0.0020679661098256656 -0.0023030856864073184 -0.0022210995886070366  0.006957774455140146  0.013180945125871146 -0.0033153776153804246  -0.0020958260063590342 0.001377265167518489 -0.010492621985500527 0.0099616547557923544  0.00067086599166869224 -0.0027015042183179011 -0.0034875167215112062 -0.0060171330559583344 -0.00036154093516642676  0.0056237630463835215 0.0067477325258316788 -0.0040434930434136342 -0.0015949149246671105 0.0022738313827316151  0.0054158259204865559 -0.0052140239296884217 0.0016747885375826325 -0.0074635811862600859 0.005614169485140633  -0.0054256376627135885 0.005394870204214898 -0.0019991644872383143 0.0014741925510837952 0.0041538904443755176  -0.0013586958013057252 0.0041236719670611696 0.0012503413001233989 -0.0019670749600752039 0.0049550826598675456 0.0027324250442818305  0.0037325954523698608 -0.0042967293807794878 0.0011904504254535678 -0.00096374591139686294 0.0029781786017028943 -0.0015165305591856152  0.0046912749601774459 -0.0061424715725426193 -0.0037754069655824203 0.00040469705681542853 -0.00040336462247643208  
shrinkage=0.04


Tree=53
num_leaves=12
num_cat=0
split_feature=3 61 0 51 61 22 59 36 1 65 64
split_gain=50783.3 8964.82 2644.45 1313.9 765.578 476.89 447.496 181.759 172.976 91.9141 15.7579
threshold=262.40077500000001 115.06748500000002 77.25321000000001 -26.395610000000008 3.6064149999999975 56.713070000000009 -16.330204999999999 9.4418749999999978 13.878480000000001 -12.312714999999994 -6.4169649999999994
decision_type=2 2 2 2 2 2 2 2 2 2 2
left_child=1 2 5 -4 -5 8 -6 -7 10 -10 -1
right_child=-2 -3 3 4 6 7 -8 -9 9 -11 -12
leaf_value=-0.13879579904917128 2.8021594789712743 0.99790453603445017 -0.15372270445451672 0.5613679019675768 -0.033068661264853909 -0.072200627638804193 0.33522001677268254 0.1469706100461507 -0.23900938379882591 -0.11067281797073461 -0.19271020528968538
leaf_weight=10.999999999999998 9.9999999999999982 11.999999999999998 13.999999999999998 11.999999999999998 9.9999999999999982 15.000000000000002 11.000000000000002 9.9999999999999982 9.9999999999999982 90 173
leaf_count=11 10 12 14 12 10 15 11 10 10 90 173
internal_value=0 -0.0728377 -0.109211 0.170021 0.307538 -0.151738 0.160329 0.0155448 -0.166478 -0.123772 -0.189586
internal_weight=0 368 356 47 33 309 21 25 284 100 184
internal_count=378 368 356 47 33 309 21 25 284 100 184
is_linear=1
leaf_const=-0.1526666788672276 -0.39884379189427144 -0.42228096308887425 -0.49715584344513825 0.10200095724799839 0.054454572014871881 -0.36421295342899163 -0.084755985558565519 0.20546845812480233 -0.17161610587217185 -0.14843940057672864 -0.20097487658732072
num_features=6 1 2 4 4 5 5 5 5 6 6 6
leaf_features=0 1 3 22 61 64  3  3 61  0 3 51 61  0 3 51 61  0 3 51 59 61  0 3 22 36 61  0 3 51 59 61  0 3 22 36 61  0 1 3 22 61 65  0 1 3 22 61 65  0 1 3 22 61 64  
leaf_coeff=-0.0019149230737247973 0.006043783455919681 0.0021400328468694535 0.002143321087496606 -0.00051399611450675853 0.0067426861907037873  0.0066794637685719726  0.012653707086666037 -0.0031827621106079733  -0.0020119930524907046 0.0013221742977191783 -0.010072917975738642 0.0095631891643949574  0.0042132249398767327 -0.0027283483402369552 0.0016475463950815475 -0.0022685336453283937  0.0028668857768132257 -0.011540646786097857 0.0094801851695021071 -0.0030163856797194018 0.0031076511288138319  0.0051991934336214395 -0.0050054630422903534 0.0016077972838376379 -0.0071650378793433785 0.0053896028614989168  -5.8421190091761954e-05 0.0025819362955551745 0.00043325141234417563 -0.00079046075570041749 0.0075807470526914516  -0.0052086123227540037 0.0051790755014511011 -0.0019191979506722227 0.0014152247353139671 0.0039877347489745592  0.0070889507314954702 -0.0060275381860073916 -0.0039337710704241509 -0.00061701178748624146 0.0053000607367977371 -0.0061028118034549203  0.0027373513592738531 0.0019623820520085176 -0.0016388532259442171 -0.0025845828791212404 -0.00010383453296285042 0.0020998451878459848  0.00087178759255497076 0.003585026240754084 -0.0027154158052156156 0.00015769226834744246 -0.0017892535841577842 -0.00022531425861427095  
shrinkage=0.04


Tree=54
num_leaves=14
num_cat=0
split_feature=3 61 11 43 11 60 7 73 56 3 10 12 48
split_gain=46801.3 8261.78 2390.65 1206.07 928.038 911.809 302.911 291.038 145.525 119.587 26.5532 28.5038 9.51125
threshold=262.40077500000001 115.06748500000002 53.668355000000005 -15.289474999999998 92.600310000000022 4.396275000000001 66.066910000000021 16.064923274814348 13.425565000000006 37.252075000000005 6.7159000000000004 13.186535000000003 0.75395500000000004
decision_type=2 2 2 2 2 2 2 2 2 2 2 2 2
left_child=1 2 7 -4 6 -6 -5 10 9 -9 12 -12 -1
right_child=-2 -3 3 4 5 -7 -8 8 -10 -11 11 -13 -14
leaf_value=-0.19232652962351884 2.6900572536959508 0.95797515475060346 -0.27668104370041657 -0.11610224604606627 0.14065290828742602 0.68186505534861364 0.15024424869302327 -0.094841555469828129 -0.2088177119417394 0.028329981515496417 -0.13056217588215988 -0.18966249928329934 -0.16067117263667319
leaf_weight=124 9.9999999999999982 11.999999999999998 9.9999999999999982 10.000000000000002 10.000000000000002 9.9999999999999982 21 58 13.999999999999998 15.999999999999998 36 23 24
leaf_count=124 10 12 10 10 10 10 21 58 14 16 36 23 24
internal_value=0 -0.0699238 -0.104843 0.122921 0.201741 0.413504 0.0641004 -0.151979 -0.090789 -0.0681536 -0.177916 -0.153951 -0.187332
internal_weight=0 368 356 61 51 20 31 295 88 74 207 59 148
internal_count=378 368 356 61 51 20 31 295 88 74 207 59 148
is_linear=1
leaf_const=-0.19419239272454622 -0.38288987387260032 -0.40538971842170901 1.4583947001237769 0.30951801241791604 0.55321782687189369 0.61736241261688984 -0.022911868269452504 -0.10343241175233291 -0.0039817893016768843 -0.27365403894123763 -0.25168934845774693 -0.20225218156331271 -0.16867863269025979
num_features=6 1 2 4 5 5 5 5 5 5 5 6 6 6
leaf_features=3 10 11 48 61 73  3  3 61  3 11 43 61  3 7 11 43 61  3 11 43 60 61  3 11 43 60 61  3 7 11 43 61  3 11 56 61 73  3 11 56 61 73  3 11 56 61 73  3 10 11 12 61 73  3 10 11 12 61 73  3 10 11 48 61 73  
leaf_coeff=-0.00018768556929668281 -0.00023679015260050568 -0.00011391817052436527 0.0047391092083055326 -0.001323547166323303 0.0022692422801627826  0.0064122848643055966  0.012147558957114975 -0.003055451665056073  -0.00079625468093761156 -0.0088835535288109054 0.013676930553380181 -0.0026902700407911879  -0.0085989423185827019 0.013176397531033611 -0.010355189432285529 -0.0016150649763947025 0.0040595156268017404  -0.0013624636307868138 -0.0021504898539910161 0.00036292029928672732 -0.00347672106626238 0.0020231184157177939  -0.0058576866045189401 0.0060531549684218157 -0.0057932361496133419 0.0015698868615888987 0.0013142414820026763  0.0001854509104870217 -0.0044056767979639777 0.0077755050141875889 0.002929613208135607 0.0014673373934928782  0.00072991857514568062 -0.0027369745653597509 -0.00076882248507642234 0.0012163329351424859 0.0017745846476665509  0.0018453979492424448 -0.001796748275119731 -0.0071571435332245699 -0.0072171668731563282 -0.00076165908636884343  -0.0018720649583057929 -0.0092035206624490381 0.005434792767696167 -0.0074822846511495506 0.016506801848411263  0.0075622948101930947 -0.0043500628701230422 -0.0018102137532107188 -0.0023378657462984182 0.0068426495665371966 0.011749124969102331  -0.0020645812130338473 -6.6266451045606808e-05 -0.0021219812899862592 0.0036496858145333819 -0.0011635696879193349 0.00032775050903595122  -0.0042503201113632469 0.0097032323415009378 -0.027935488576890717 0.0078550699641062871 -0.00040634275508595337 0.017777801285841017  
shrinkage=0.04


end of trees

feature_importances:
autogluon_pred=123
tn_lag_2=76
tn_lag_1=44
tn_lag_3=33
tn_lag_4=31
tn_delta_lag_21=21
tn_lag_5=20
tn_lag_10=18
tn_lag_23=18
tn_lag_35=18
tn_delta_lag_22=18
tn_delta_lag_2=16
tn_delta_lag_27=15
tn_delta_lag_34=15
tn_delta_lag_5=14
tn_delta_lag_4=13
tn_lag_11=12
tn_lag_25=12
tn_delta_lag_13=12
tn_lag_27=11
tn_delta_lag_32=11
tn_delta_lag_33=11
tn_lag_13=10
tn_lag_28=10
tn_delta_lag_29=10
tn_lag_14=9
tn_delta_lag_9=9
tn_delta_lag_30=9
tn_delta_lag_31=9
tn_delta_lag_14=8
tn_delta_lag_28=8
tn_lag_18=7
tn_lag_29=7
tn_delta_lag_16=7
tn_lag_26=6
tn_lag_31=6
tn_delta_lag_8=6
tn_delta_lag_17=6
tn_delta_lag_20=6
tn_delta_lag_26=6
tn_lag_9=5
tn_lag_19=5
tn_lag_20=5
tn_lag_21=5
tn_lag_22=5
tn_delta_lag_3=5
tn_delta_lag_6=5
tn_delta_lag_7=5
tn_delta_lag_11=5
tn_lag_7=4
tn_lag_33=4
tn_lag_34=4
tn_delta_lag_24=4
tn_lag_16=3
tn_lag_17=3
tn_lag_24=3
tn_lag_30=3
tn_lag_32=3
tn_delta_lag_25=3
tn_lag_8=2
tn_lag_12=2
tn_lag_15=2
tn_delta_lag_15=2
tn_delta_lag_18=2
tn_lag_6=1
tn_delta_lag_1=1
tn_delta_lag_10=1
tn_delta_lag_12=1
tn_delta_lag_19=1
tn_delta_lag_23=1

parameters:
[boosting: gbdt]
[objective: regression]
[metric: rmse]
[tree_learner: serial]
[device_type: cpu]
[data_sample_strategy: bagging]
[data: ]
[valid: ]
[num_iterations: 55]
[learning_rate: 0.04]
[num_leaves: 24]
[num_threads: 0]
[seed: 42]
[deterministic: 0]
[force_col_wise: 0]
[force_row_wise: 0]
[histogram_pool_size: -1]
[max_depth: 6]
[min_data_in_leaf: 10]
[min_sum_hessian_in_leaf: 0.001]
[bagging_fraction: 0.8]
[pos_bagging_fraction: 1]
[neg_bagging_fraction: 1]
[bagging_freq: 5]
[bagging_seed: 400]
[feature_fraction: 0.9]
[feature_fraction_bynode: 1]
[feature_fraction_seed: 30056]
[extra_trees: 0]
[extra_seed: 12879]
[early_stopping_round: 0]
[early_stopping_min_delta: 0]
[first_metric_only: 0]
[max_delta_step: 0]
[lambda_l1: 0.1]
[lambda_l2: 0.1]
[linear_lambda: 0]
[min_gain_to_split: 0]
[drop_rate: 0.1]
[max_drop: 50]
[skip_drop: 0.5]
[xgboost_dart_mode: 0]
[uniform_drop: 0]
[drop_seed: 17869]
[top_rate: 0.2]
[other_rate: 0.1]
[min_data_per_group: 100]
[max_cat_threshold: 32]
[cat_l2: 10]
[cat_smooth: 10]
[max_cat_to_onehot: 4]
[top_k: 20]
[monotone_constraints: ]
[monotone_constraints_method: basic]
[monotone_penalty: 0]
[feature_contri: ]
[forcedsplits_filename: ]
[refit_decay_rate: 0.9]
[cegb_tradeoff: 1]
[cegb_penalty_split: 0]
[cegb_penalty_feature_lazy: ]
[cegb_penalty_feature_coupled: ]
[path_smooth: 0]
[interaction_constraints: ]
[verbosity: -1]
[saved_feature_importance_type: 0]
[use_quantized_grad: 0]
[num_grad_quant_bins: 4]
[quant_train_renew_leaf: 0]
[stochastic_rounding: 1]
[linear_tree: 1]
[max_bin: 255]
[max_bin_by_feature: ]
[min_data_in_bin: 3]
[bin_construct_sample_cnt: 200000]
[data_random_seed: 175]
[is_enable_sparse: 1]
[enable_bundle: 1]
[use_missing: 1]
[zero_as_missing: 0]
[feature_pre_filter: 1]
[pre_partition: 0]
[two_round: 0]
[header: 0]
[label_column: ]
[weight_column: ]
[group_column: ]
[ignore_column: ]
[categorical_feature: ]
[forcedbins_filename: ]
[precise_float_parser: 0]
[parser_config_file: ]
[objective_seed: 16083]
[num_class: 1]
[is_unbalance: 0]
[scale_pos_weight: 1]
[sigmoid: 1]
[boost_from_average: 1]
[reg_sqrt: 0]
[alpha: 0.9]
[fair_c: 1]
[poisson_max_delta_step: 0.7]
[tweedie_variance_power: 1.5]
[lambdarank_truncation_level: 30]
[lambdarank_norm: 1]
[label_gain: ]
[lambdarank_position_bias_regularization: 0]
[eval_at: ]
[multi_error_top_k: 1]
[auc_mu_weights: ]
[num_machines: 1]
[local_listen_port: 12400]
[time_out: 120]
[machine_list_filename: ]
[machines: ]
[gpu_platform_id: -1]
[gpu_device_id: -1]
[gpu_use_dp: 0]
[num_gpu: 1]

end of parameters

pandas_categorical:[]
